timestamp,X,Y,Z
2026-09-26T11:28:24.225Z,0.0282440185546875,-0.444366455078125,-0.88946533203125
2026-09-26T11:28:25.24Z,0.0403289794921875,-0.446319580078125,-0.8644866943359375
2026-09-26T11:28:26.255Z,0.0407257080078125,-0.3571929931640625,-0.919158935546875
2026-09-26T11:28:27.269Z,0.0563507080078125,-0.288604736328125,-0.97442626953125
2026-09-26T11:28:28.284Z,0.0679779052734375,-0.3661346435546875,-0.9473724365234376
2026-09-26T11:28:29.299Z,0.0174407958984375,-0.39093017578125,-0.9174652099609376
2026-09-26T11:28:30.314Z,0.0283966064453125,-0.3875579833984375,-0.9379119873046876
2026-09-26T11:28:31.33Z,0.020294189453125,-0.372314453125,-0.9331512451171876
2026-09-26T11:28:32.345Z,0.0257110595703125,-0.384429931640625,-0.9163360595703124
2026-09-26T11:28:33.362Z,-0.000335693359375,-0.3721160888671875,-0.9205780029296876
2026-09-26T11:28:34.375Z,0.0013885498046875,-0.366302490234375,-0.925872802734375
2026-09-26T11:28:35.39Z,0.0277862548828125,0.04083251953125,-1.044586181640625
2026-09-26T11:28:36.405Z,-0.0373992919921875,-0.2176971435546875,-1.026947021484375
2026-09-26T11:28:37.42Z,0.0153045654296875,-0.9235076904296876,-0.2459564208984375
2026-09-26T11:28:38.435Z,-0.6435546875,-0.0701446533203125,-0.2551422119140625
2026-09-26T11:28:39.45Z,-0.4476318359375,0.4924774169921875,-0.859375
2026-09-26T11:28:40.466Z,-0.125,-0.27862548828125,-0.6996307373046875
2026-09-26T11:28:41.481Z,-0.4749908447265625,0.0229034423828125,-0.9640045166015624
2026-09-26T11:28:42.496Z,0.0070037841796875,-0.014434814453125,-0.99371337890625
2026-09-26T11:28:43.511Z,0.0041656494140625,-0.0189666748046875,-0.997283935546875
2026-09-26T11:28:44.527Z,0.0062103271484375,-0.018951416015625,-0.98431396484375
2026-09-26T11:28:45.542Z,0.0028839111328125,-0.0166473388671875,-0.9944610595703124
2026-09-26T11:28:46.557Z,0.0058135986328125,-0.0169219970703125,-0.9926605224609376
2026-09-26T11:28:47.572Z,0.0087738037109375,-0.0178680419921875,-0.991546630859375
2026-09-26T11:28:48.587Z,0.0075836181640625,-0.020538330078125,-0.9915924072265624
2026-09-26T11:28:49.602Z,0.0047760009765625,-0.0159759521484375,-0.9954071044921876
2026-09-26T11:28:50.617Z,0.0046234130859375,-0.0203857421875,-0.9940948486328124
2026-09-26T11:28:51.632Z,0.0060577392578125,-0.0208282470703125,-0.992950439453125
2026-09-26T11:28:52.648Z,0.006072998046875,-0.0175933837890625,-0.991912841796875
2026-09-26T11:28:53.663Z,0.0076141357421875,-0.0164337158203125,-0.9909210205078124
2026-09-26T11:28:54.678Z,0.00732421875,-0.0146026611328125,-0.9904632568359376
2026-09-26T11:28:55.693Z,0.005462646484375,-0.0169677734375,-0.9834136962890624
2026-09-26T11:28:56.708Z,0.0042266845703125,-0.017578125,-0.996917724609375
2026-09-26T11:28:57.723Z,0.0063934326171875,-0.02020263671875,-0.99114990234375
2026-09-26T11:28:58.738Z,0.00592041015625,-0.0175323486328125,-0.99169921875
2026-09-26T11:28:59.753Z,0.005889892578125,-0.0171966552734375,-0.9928131103515624
2026-09-26T11:29:00.768Z,0.0215301513671875,0.0353546142578125,-0.98052978515625
2026-09-26T11:29:01.783Z,0.0047760009765625,-0.017974853515625,-0.99169921875
2026-09-26T11:29:02.798Z,0.0073699951171875,-0.01788330078125,-0.991302490234375
2026-09-26T11:29:03.813Z,0.0065155029296875,-0.0163421630859375,-0.99261474609375
2026-09-26T11:29:04.828Z,0.005340576171875,-0.0219879150390625,-0.995330810546875
2026-09-26T11:29:05.844Z,0.00482177734375,-0.021240234375,-0.991668701171875
2026-09-26T11:29:06.859Z,0.006317138671875,-0.0209503173828125,-0.9937744140625
2026-09-26T11:29:07.874Z,0.0045318603515625,-0.0206146240234375,-0.9929351806640624
2026-09-26T11:29:08.889Z,0.0090484619140625,-0.0235595703125,-0.9944305419921876
2026-09-26T11:29:09.904Z,0.005889892578125,-0.0210723876953125,-0.991729736328125
2026-09-26T11:29:10.919Z,0.005096435546875,-0.017181396484375,-0.9879913330078124
2026-09-26T11:29:11.934Z,0.0061187744140625,-0.021728515625,-0.99249267578125
2026-09-26T11:29:12.949Z,0.006072998046875,-0.0219573974609375,-0.9914093017578124
2026-09-26T11:29:13.964Z,0.006866455078125,-0.0204315185546875,-0.9928436279296876
2026-09-26T11:29:14.979Z,0.003814697265625,-0.019012451171875,-0.9930572509765624
2026-09-26T11:29:15.994Z,0.00445556640625,-0.029693603515625,-0.99322509765625
2026-09-26T11:29:17.01Z,0.0062255859375,-0.0198516845703125,-0.9930419921875
2026-09-26T11:29:18.025Z,0.0069427490234375,-0.0197906494140625,-0.9898223876953124
2026-09-26T11:29:19.04Z,0.00616455078125,-0.01837158203125,-0.992462158203125
2026-09-26T11:29:20.055Z,0.006683349609375,-0.0181121826171875,-0.9922027587890624
2026-09-26T11:29:21.07Z,0.0058441162109375,-0.0215911865234375,-0.991973876953125
2026-09-26T11:29:22.085Z,0.006500244140625,-0.0194244384765625,-0.992919921875
2026-09-26T11:29:23.122Z,0.00531005859375,-0.0235595703125,-0.9915618896484376
2026-09-26T11:29:37.213Z,0.0038604736328125,-0.02362060546875,-0.9904327392578124
2026-09-26T11:29:38.225Z,0.0340423583984375,-0.4757537841796875,-0.8616943359375
2026-09-26T11:29:38.558Z,0.0340423583984375,-0.4757537841796875,-0.8616943359375
2026-09-26T11:29:39.241Z,-0.5174560546875,-0.184814453125,-0.7980804443359375
2026-09-26T11:29:39.574Z,-0.5174560546875,-0.184814453125,-0.7980804443359375
2026-09-26T11:29:40.256Z,-0.3134918212890625,-0.3587188720703125,-0.8564300537109375
2026-09-26T11:29:40.589Z,-0.3134918212890625,-0.3587188720703125,-0.8564300537109375
2026-09-26T11:29:41.271Z,-0.2720184326171875,-0.3958740234375,-0.8166046142578125
2026-09-26T11:29:41.605Z,-0.2720184326171875,-0.3958740234375,-0.8166046142578125
2026-09-26T11:29:42.286Z,-0.3425750732421875,-0.3440399169921875,-0.854248046875
2026-09-26T11:29:42.619Z,-0.3425750732421875,-0.3440399169921875,-0.854248046875
2026-09-26T11:29:43.301Z,-0.2776031494140625,-0.4026641845703125,-0.8703155517578125
2026-09-26T11:29:43.634Z,-0.2776031494140625,-0.4026641845703125,-0.8703155517578125
2026-09-26T11:29:44.316Z,-0.25958251953125,-0.4164886474609375,-0.7817840576171875
2026-09-26T11:29:44.649Z,-0.25958251953125,-0.4164886474609375,-0.7817840576171875
2026-09-26T11:29:45.331Z,-0.4275360107421875,-0.5934906005859375,-0.67193603515625
2026-09-26T11:29:45.664Z,-0.4275360107421875,-0.5934906005859375,-0.67193603515625
2026-09-26T11:29:46.346Z,-0.2806396484375,-0.5173187255859375,-0.819122314453125
2026-09-26T11:29:46.68Z,-0.2806396484375,-0.5173187255859375,-0.819122314453125
2026-09-26T11:29:47.363Z,-0.483001708984375,-0.6655426025390625,-0.59124755859375
2026-09-26T11:29:47.694Z,-0.483001708984375,-0.6655426025390625,-0.59124755859375
2026-09-26T11:29:48.376Z,-0.4332275390625,-0.660003662109375,-0.5452117919921875
2026-09-26T11:29:48.709Z,-0.4332275390625,-0.660003662109375,-0.5452117919921875
2026-09-26T11:29:49.391Z,-0.4263458251953125,-0.6400299072265625,-0.561492919921875
2026-09-26T11:29:49.724Z,-0.4263458251953125,-0.6400299072265625,-0.561492919921875
2026-09-26T11:29:50.406Z,-0.4763031005859375,-0.671112060546875,-0.535125732421875
2026-09-26T11:29:50.739Z,-0.4763031005859375,-0.671112060546875,-0.535125732421875
2026-09-26T11:29:51.422Z,-0.4720458984375,-0.6617889404296875,-0.6342315673828125
2026-09-26T11:29:51.754Z,-0.4720458984375,-0.6617889404296875,-0.6342315673828125
2026-09-26T11:29:52.437Z,-0.4225006103515625,-0.6416168212890625,-0.5614471435546875
2026-09-26T11:29:52.769Z,-0.4225006103515625,-0.6416168212890625,-0.5614471435546875
2026-09-26T11:29:53.452Z,-0.5330047607421875,-0.686004638671875,-0.610015869140625
2026-09-26T11:29:53.785Z,-0.5330047607421875,-0.686004638671875,-0.610015869140625
2026-09-26T11:29:54.467Z,-0.415130615234375,-0.627655029296875,-0.6576995849609375
2026-09-26T11:29:54.8Z,-0.415130615234375,-0.627655029296875,-0.6576995849609375
2026-09-26T11:29:55.482Z,-0.4226226806640625,-0.5194549560546875,-0.7384185791015625
2026-09-26T11:29:55.815Z,-0.4226226806640625,-0.5194549560546875,-0.7384185791015625
2026-09-26T11:29:56.497Z,-0.427032470703125,-0.524932861328125,-0.7782440185546875
2026-09-26T11:29:56.83Z,-0.427032470703125,-0.524932861328125,-0.7782440185546875
2026-09-26T11:29:57.513Z,-0.4360809326171875,-0.6497955322265625,-0.639434814453125
2026-09-26T11:29:57.845Z,-0.4442291259765625,-0.636199951171875,-0.6350250244140625
2026-09-26T11:29:58.528Z,-0.4442291259765625,-0.636199951171875,-0.6350250244140625
2026-09-26T11:29:58.861Z,-0.430145263671875,-0.6285400390625,-0.6053009033203125
2026-09-26T11:29:59.543Z,-0.430145263671875,-0.6285400390625,-0.6053009033203125
2026-09-26T11:29:59.876Z,-0.3993377685546875,-0.6003265380859375,-0.655426025390625
2026-09-26T11:30:00.558Z,-0.3993377685546875,-0.6003265380859375,-0.655426025390625
2026-09-26T11:30:00.891Z,-0.441162109375,-0.6647491455078125,-0.6983795166015625
2026-09-26T11:30:01.573Z,-0.441162109375,-0.6647491455078125,-0.6983795166015625
2026-09-26T11:30:01.906Z,-0.3863677978515625,-0.63427734375,-0.612518310546875
2026-09-26T11:30:02.588Z,-0.3863677978515625,-0.63427734375,-0.612518310546875
2026-09-26T11:30:02.921Z,-0.417510986328125,-0.6124420166015625,-0.6546478271484375
2026-09-26T11:30:03.603Z,-0.417510986328125,-0.6124420166015625,-0.6546478271484375
2026-09-26T11:30:03.936Z,-0.453460693359375,-0.64105224609375,-0.648895263671875
2026-09-26T11:30:04.618Z,-0.453460693359375,-0.64105224609375,-0.648895263671875
2026-09-26T11:30:04.951Z,-0.456878662109375,-0.613006591796875,-0.65386962890625
2026-09-26T11:30:05.633Z,-0.456878662109375,-0.613006591796875,-0.65386962890625
2026-09-26T11:30:05.966Z,-0.0025634765625,-0.505035400390625,-0.84130859375
2026-09-26T11:30:06.648Z,-0.0025634765625,-0.505035400390625,-0.84130859375
2026-09-26T11:30:06.981Z,-0.00787353515625,-0.277008056640625,-0.7309722900390625
2026-09-26T11:30:07.663Z,-0.00787353515625,-0.277008056640625,-0.7309722900390625
2026-09-26T11:30:07.996Z,-0.0290985107421875,-0.475250244140625,-0.8549957275390625
2026-09-26T11:30:08.678Z,-0.0290985107421875,-0.475250244140625,-0.8549957275390625
2026-09-26T11:30:09.011Z,-0.0166015625,-0.47576904296875,-0.8430023193359375
2026-09-26T11:30:09.693Z,-0.0166015625,-0.47576904296875,-0.8430023193359375
2026-09-26T11:30:10.026Z,-0.026763916015625,-0.593902587890625,-0.83544921875
2026-09-26T11:30:10.708Z,-0.026763916015625,-0.593902587890625,-0.83544921875
2026-09-26T11:30:11.041Z,-0.0674896240234375,-0.599945068359375,-0.7896575927734375
2026-09-26T11:30:11.723Z,-0.0674896240234375,-0.599945068359375,-0.7896575927734375
2026-09-26T11:30:12.056Z,-0.38848876953125,-0.2701416015625,-1.1695098876953125
2026-09-26T11:30:12.739Z,-0.38848876953125,-0.2701416015625,-1.1695098876953125
2026-09-26T11:30:13.071Z,-0.6535797119140625,-0.11773681640625,-0.746124267578125
2026-09-26T11:30:13.754Z,-0.6535797119140625,-0.11773681640625,-0.746124267578125
2026-09-26T11:30:14.086Z,-0.3985443115234375,-0.335845947265625,-0.9223175048828124
2026-09-26T11:30:14.769Z,-0.3985443115234375,-0.335845947265625,-0.9223175048828124
2026-09-26T11:30:15.102Z,-0.4312591552734375,-0.3351898193359375,-0.7463836669921875
2026-09-26T11:30:15.784Z,-0.4312591552734375,-0.3351898193359375,-0.7463836669921875
2026-09-26T11:30:16.117Z,-0.2187042236328125,-0.47552490234375,-0.8219146728515625
2026-09-26T11:30:16.799Z,-0.2187042236328125,-0.47552490234375,-0.8219146728515625
2026-09-26T11:30:17.132Z,-0.1416473388671875,-0.1618194580078125,-0.811553955078125
2026-09-26T11:30:17.815Z,-0.1416473388671875,-0.1618194580078125,-0.811553955078125
2026-09-26T11:30:18.148Z,-0.1582183837890625,0.1086273193359375,-0.8863067626953125
2026-09-26T11:30:18.832Z,-0.1582183837890625,0.1086273193359375,-0.8863067626953125
2026-09-26T11:30:19.163Z,-0.089508056640625,-0.1496734619140625,-0.9902801513671876
2026-09-26T11:30:19.845Z,-0.089508056640625,-0.1496734619140625,-0.9902801513671876
2026-09-26T11:30:20.178Z,-0.10174560546875,-0.1813201904296875,-0.97265625
2026-09-26T11:30:20.86Z,-0.108551025390625,-0.1808013916015625,-0.97393798828125
2026-09-26T11:30:21.193Z,-0.108551025390625,-0.1808013916015625,-0.97393798828125
2026-09-26T11:30:21.875Z,-0.1155548095703125,-0.1841278076171875,-0.9774932861328124
2026-09-26T11:30:22.208Z,-0.1155548095703125,-0.1841278076171875,-0.9774932861328124
2026-09-26T11:30:22.89Z,-0.0924835205078125,-0.19842529296875,-0.9692840576171876
2026-09-26T11:30:23.223Z,-0.0924835205078125,-0.19842529296875,-0.9692840576171876
2026-09-26T11:30:23.905Z,-0.1139984130859375,-0.262603759765625,-0.9455108642578124
2026-09-26T11:30:24.238Z,-0.1139984130859375,-0.262603759765625,-0.9455108642578124
2026-09-26T11:30:24.92Z,0.064117431640625,-0.2232818603515625,-0.7641754150390625
2026-09-26T11:30:25.253Z,0.064117431640625,-0.2232818603515625,-0.7641754150390625
2026-09-26T11:30:25.935Z,-0.06689453125,0.045074462890625,-0.6535797119140625
2026-09-26T11:30:26.268Z,-0.06689453125,0.045074462890625,-0.6535797119140625
2026-09-26T11:30:26.95Z,0.002838134765625,-0.0231781005859375,-0.9927215576171876
2026-09-26T11:30:27.283Z,0.002838134765625,-0.0231781005859375,-0.9927215576171876
2026-09-26T11:30:27.965Z,-0.00311279296875,-0.022613525390625,-0.9947662353515624
2026-09-26T11:30:28.298Z,-0.00311279296875,-0.022613525390625,-0.9947662353515624
2026-09-26T11:30:28.98Z,0.00262451171875,-0.0201416015625,-0.99273681640625
2026-09-26T11:30:29.313Z,0.00262451171875,-0.0201416015625,-0.99273681640625
2026-09-26T11:30:29.995Z,0.0020294189453125,-0.0255889892578125,-0.9932708740234376
2026-09-26T11:30:30.328Z,0.0020294189453125,-0.0255889892578125,-0.9932708740234376
2026-09-26T11:30:31.01Z,0.0024871826171875,-0.02392578125,-0.983551025390625
2026-09-26T11:30:31.343Z,0.0024871826171875,-0.02392578125,-0.983551025390625
2026-09-26T11:30:32.025Z,0.002288818359375,-0.024688720703125,-0.991180419921875
2026-09-26T11:30:32.358Z,0.002288818359375,-0.024688720703125,-0.991180419921875
2026-09-26T11:30:33.04Z,0.0059814453125,-0.0227203369140625,-0.99835205078125
2026-09-26T11:30:33.373Z,0.0059814453125,-0.0227203369140625,-0.99835205078125
2026-09-26T11:30:34.056Z,0.0054779052734375,-0.020111083984375,-0.9927978515625
2026-09-26T11:30:34.388Z,0.0054779052734375,-0.020111083984375,-0.9927978515625
2026-09-26T11:30:35.071Z,0.001983642578125,-0.0243377685546875,-0.992401123046875
2026-09-26T11:30:35.403Z,0.001983642578125,-0.0243377685546875,-0.992401123046875
2026-09-26T11:30:36.086Z,0.0024566650390625,-0.0240020751953125,-0.9925079345703124
2026-09-26T11:30:36.418Z,0.0024566650390625,-0.0240020751953125,-0.9925079345703124
2026-09-26T11:30:37.101Z,0.0018310546875,-0.0282135009765625,-0.9921112060546876
2026-09-26T11:30:37.434Z,0.0018310546875,-0.0282135009765625,-0.9921112060546876
2026-09-26T11:30:38.116Z,0.002166748046875,-0.022674560546875,-0.9931793212890624
2026-09-26T11:30:38.449Z,0.002166748046875,-0.022674560546875,-0.9931793212890624
2026-09-26T11:30:39.131Z,0.0024871826171875,-0.0247344970703125,-0.991546630859375
2026-09-26T11:30:39.464Z,0.0024871826171875,-0.0247344970703125,-0.991546630859375
2026-09-26T11:30:40.146Z,0.000762939453125,-0.0255279541015625,-0.9936370849609376
2026-09-26T11:30:40.479Z,0.000762939453125,-0.0255279541015625,-0.9936370849609376
2026-09-26T11:30:41.161Z,-0.0001068115234375,-0.02349853515625,-0.993743896484375
2026-09-26T11:30:41.494Z,-0.0001068115234375,-0.02349853515625,-0.993743896484375
2026-09-26T11:30:42.176Z,0.0001983642578125,-0.02593994140625,-0.993896484375
2026-09-26T11:30:42.509Z,0.0001983642578125,-0.02593994140625,-0.993896484375
2026-09-26T11:30:43.191Z,-0.0059967041015625,-0.042877197265625,-0.99053955078125
2026-09-26T11:30:43.524Z,-0.0059967041015625,-0.042877197265625,-0.99053955078125
2026-09-26T11:30:44.206Z,-0.002532958984375,-0.0226287841796875,-0.99273681640625
2026-09-26T11:30:44.539Z,-0.002532958984375,-0.0226287841796875,-0.99273681640625
2026-09-26T11:30:45.221Z,-0.00177001953125,-0.0226287841796875,-0.9910430908203124
2026-09-26T11:30:45.554Z,-0.00177001953125,-0.0226287841796875,-0.9910430908203124
2026-09-26T11:30:46.236Z,1.52587890625e-05,-0.02520751953125,-0.9916229248046876
2026-09-26T11:30:46.569Z,1.52587890625e-05,-0.02520751953125,-0.9916229248046876
2026-09-26T11:30:47.251Z,-0.00048828125,-0.022979736328125,-0.9921112060546876
2026-09-26T11:30:47.585Z,-0.00048828125,-0.022979736328125,-0.9921112060546876
2026-09-26T11:30:48.266Z,0.0006561279296875,-0.0229034423828125,-0.991363525390625
2026-09-26T11:30:48.599Z,0.0006561279296875,-0.0229034423828125,-0.991363525390625
2026-09-26T11:30:49.281Z,-0.001373291015625,-0.027435302734375,-0.9932403564453124
2026-09-26T11:30:49.614Z,-0.001373291015625,-0.027435302734375,-0.9932403564453124
2026-09-26T11:30:50.299Z,-0.0014495849609375,-0.022735595703125,-0.994354248046875
2026-09-26T11:30:50.629Z,-0.0014495849609375,-0.022735595703125,-0.994354248046875
2026-09-26T11:30:51.312Z,0.0012664794921875,-0.024993896484375,-0.9918975830078124
2026-09-26T11:30:51.644Z,0.0012664794921875,-0.024993896484375,-0.9918975830078124
2026-09-26T11:30:52.327Z,-0.00030517578125,-0.023406982421875,-0.991912841796875
2026-09-26T11:30:52.66Z,-0.00030517578125,-0.023406982421875,-0.991912841796875
2026-09-26T11:30:53.342Z,-0.00103759765625,-0.0251007080078125,-0.99261474609375
2026-09-26T11:30:53.675Z,-0.00103759765625,-0.0251007080078125,-0.99261474609375
2026-09-26T11:30:54.357Z,-0.00091552734375,-0.0216522216796875,-0.990631103515625
2026-09-26T11:30:54.689Z,-0.00091552734375,-0.0216522216796875,-0.990631103515625
2026-09-26T11:30:55.372Z,-0.0006561279296875,-0.024749755859375,-0.992584228515625
2026-09-26T11:30:55.704Z,-0.0006561279296875,-0.024749755859375,-0.992584228515625
2026-09-26T11:30:56.387Z,-0.0011749267578125,-0.0235595703125,-0.9912872314453124
2026-09-26T11:30:56.719Z,-0.0011749267578125,-0.0235595703125,-0.9912872314453124
2026-09-26T11:30:57.402Z,-0.0003509521484375,-0.0245361328125,-0.992279052734375
2026-09-26T11:30:57.735Z,-0.0003509521484375,-0.0245361328125,-0.992279052734375
2026-09-26T11:30:58.417Z,-0.0001068115234375,-0.0231781005859375,-0.9922332763671876
2026-09-26T11:30:58.75Z,-0.0001068115234375,-0.0231781005859375,-0.9922332763671876
2026-09-26T11:30:59.432Z,9.1552734375e-05,-0.023651123046875,-0.9925079345703124
2026-09-26T11:30:59.765Z,9.1552734375e-05,-0.023651123046875,-0.9925079345703124
2026-09-26T11:31:00.448Z,-0.000885009765625,-0.023895263671875,-0.9918212890625
2026-09-26T11:31:00.78Z,-0.000885009765625,-0.023895263671875,-0.9918212890625
2026-09-26T11:31:01.463Z,-0.0007781982421875,-0.02490234375,-0.9923248291015624
2026-09-26T11:31:01.795Z,-0.0007781982421875,-0.02490234375,-0.9923248291015624
2026-09-26T11:31:02.478Z,0.0006866455078125,-0.0235137939453125,-0.9934234619140624
2026-09-26T11:31:02.811Z,0.0006866455078125,-0.0235137939453125,-0.9934234619140624
2026-09-26T11:31:03.492Z,-0.001556396484375,-0.0245513916015625,-0.99365234375
2026-09-26T11:31:03.825Z,-0.001556396484375,-0.0245513916015625,-0.99365234375
2026-09-26T11:31:04.507Z,9.1552734375e-05,-0.023040771484375,-0.9940643310546876
2026-09-26T11:31:04.84Z,9.1552734375e-05,-0.023040771484375,-0.9940643310546876
2026-09-26T11:31:05.523Z,0.0007476806640625,-0.0242462158203125,-0.9915313720703124
2026-09-26T11:31:05.855Z,-0.0008544921875,-0.0269927978515625,-0.9928436279296876
2026-09-26T11:31:06.538Z,-0.0008544921875,-0.0269927978515625,-0.9928436279296876
2026-09-26T11:31:06.87Z,0.011871337890625,-0.0269622802734375,-0.9967498779296876
2026-09-26T11:31:07.553Z,0.011871337890625,-0.0269622802734375,-0.9967498779296876
2026-09-26T11:31:07.885Z,0.000213623046875,-0.017730712890625,-0.9877777099609376
2026-09-26T11:31:08.568Z,0.000213623046875,-0.017730712890625,-0.9877777099609376
2026-09-26T11:31:08.9Z,0.0025177001953125,-0.013397216796875,-0.9932098388671876
2026-09-26T11:31:09.583Z,0.0025177001953125,-0.013397216796875,-0.9932098388671876
2026-09-26T11:31:09.916Z,0.00103759765625,-0.02532958984375,-0.98504638671875
2026-09-26T11:31:10.598Z,0.00103759765625,-0.02532958984375,-0.98504638671875
2026-09-26T11:31:10.931Z,0.00067138671875,-0.0268402099609375,-0.989013671875
2026-09-26T11:31:11.613Z,0.00067138671875,-0.0268402099609375,-0.989013671875
2026-09-26T11:31:11.946Z,-3.0517578125e-05,-0.0227813720703125,-0.9931488037109376
2026-09-26T11:31:12.628Z,-3.0517578125e-05,-0.0227813720703125,-0.9931488037109376
2026-09-26T11:31:12.961Z,-0.0003509521484375,-0.025421142578125,-0.9892578125
2026-09-26T11:31:13.643Z,-0.0003509521484375,-0.025421142578125,-0.9892578125
2026-09-26T11:31:13.976Z,-0.003082275390625,-0.019989013671875,-1.00091552734375
2026-09-26T11:31:14.666Z,-0.003082275390625,-0.019989013671875,-1.00091552734375
2026-09-26T11:31:14.991Z,-0.00048828125,-0.0252532958984375,-0.9939117431640624
2026-09-26T11:31:15.673Z,-0.00048828125,-0.0252532958984375,-0.9939117431640624
2026-09-26T11:31:16.006Z,-0.0014495849609375,-0.02667236328125,-0.9969635009765624
2026-09-26T11:31:16.688Z,-0.0014495849609375,-0.02667236328125,-0.9969635009765624
2026-09-26T11:31:17.021Z,-0.0025177001953125,-0.029571533203125,-0.99102783203125
2026-09-26T11:31:17.703Z,-0.0025177001953125,-0.029571533203125,-0.99102783203125
2026-09-26T11:31:18.036Z,0.0006103515625,-0.025146484375,-0.992889404296875
2026-09-26T11:31:18.718Z,0.0006103515625,-0.025146484375,-0.992889404296875
2026-09-26T11:31:19.051Z,0.0013275146484375,-0.0255889892578125,-0.9924468994140624
2026-09-26T11:31:19.733Z,0.0013275146484375,-0.0255889892578125,-0.9924468994140624
2026-09-26T11:31:20.066Z,-0.0002899169921875,-0.0239410400390625,-0.990081787109375
2026-09-26T11:31:20.748Z,-0.0002899169921875,-0.0239410400390625,-0.990081787109375
2026-09-26T11:31:21.081Z,0.00140380859375,-0.0259246826171875,-0.9918670654296876
2026-09-26T11:31:21.764Z,0.00140380859375,-0.0259246826171875,-0.9918670654296876
2026-09-26T11:31:22.096Z,0.000152587890625,-0.025909423828125,-0.9933929443359376
2026-09-26T11:31:22.778Z,0.000152587890625,-0.025909423828125,-0.9933929443359376
2026-09-26T11:31:23.112Z,-0.0007476806640625,-0.0266876220703125,-0.992919921875
2026-09-26T11:31:23.793Z,-0.0007476806640625,-0.0266876220703125,-0.992919921875
2026-09-26T11:31:24.126Z,0.00274658203125,-0.0265960693359375,-0.987274169921875
2026-09-26T11:31:24.809Z,0.00274658203125,-0.0265960693359375,-0.987274169921875
2026-09-26T11:31:25.141Z,-0.0002899169921875,-0.0260009765625,-0.99261474609375
2026-09-26T11:31:25.824Z,-0.0002899169921875,-0.0260009765625,-0.99261474609375
2026-09-26T11:31:26.156Z,0.0027923583984375,-0.0250396728515625,-0.9902801513671876
2026-09-26T11:31:26.839Z,0.0027923583984375,-0.0250396728515625,-0.9902801513671876
2026-09-26T11:31:27.171Z,-0.0019073486328125,-0.0265655517578125,-0.98541259765625
2026-09-26T11:31:27.856Z,-0.0019073486328125,-0.0265655517578125,-0.98541259765625
2026-09-26T11:31:28.186Z,0.0019378662109375,-0.0258331298828125,-0.992767333984375
2026-09-26T11:31:28.869Z,-0.0197601318359375,-0.0189666748046875,-1.0228271484375
2026-09-26T11:31:29.201Z,-0.0197601318359375,-0.0189666748046875,-1.0228271484375
2026-09-26T11:31:29.884Z,0.0021514892578125,-0.0261383056640625,-0.9922943115234376
2026-09-26T11:31:30.217Z,0.0021514892578125,-0.0261383056640625,-0.9922943115234376
2026-09-26T11:31:30.899Z,-0.0005645751953125,-0.0254669189453125,-0.99188232421875
2026-09-26T11:31:31.232Z,-0.0005645751953125,-0.0254669189453125,-0.99188232421875
2026-09-26T11:31:31.914Z,0.00103759765625,-0.02490234375,-0.990447998046875
2026-09-26T11:31:32.247Z,0.00103759765625,-0.02490234375,-0.990447998046875
2026-09-26T11:31:32.93Z,0.01312255859375,-0.0350341796875,-0.959136962890625
2026-09-26T11:31:33.263Z,0.01312255859375,-0.0350341796875,-0.959136962890625
2026-09-26T11:31:33.945Z,-0.00128173828125,-0.0253448486328125,-0.991729736328125
2026-09-26T11:31:34.277Z,-0.00128173828125,-0.0253448486328125,-0.991729736328125
2026-09-26T11:31:34.959Z,0.00201416015625,-0.025665283203125,-0.9930877685546876
2026-09-26T11:31:35.292Z,0.00201416015625,-0.025665283203125,-0.9930877685546876
2026-09-26T11:31:35.974Z,0.0015411376953125,-0.0256500244140625,-0.993804931640625
2026-09-26T11:31:36.307Z,0.0015411376953125,-0.0256500244140625,-0.993804931640625
2026-09-26T11:31:36.989Z,0.0025634765625,-0.0266571044921875,-0.9921417236328124
2026-09-26T11:31:37.322Z,0.0025634765625,-0.0266571044921875,-0.9921417236328124
2026-09-26T11:31:38.004Z,0.0010528564453125,-0.02557373046875,-0.99273681640625
2026-09-26T11:31:38.337Z,0.0010528564453125,-0.02557373046875,-0.99273681640625
2026-09-26T11:31:39.019Z,0.0011749267578125,-0.0255889892578125,-0.992584228515625
2026-09-26T11:31:39.352Z,0.0011749267578125,-0.0255889892578125,-0.992584228515625
2026-09-26T11:31:40.034Z,0.0023651123046875,-0.02496337890625,-0.99127197265625
2026-09-26T11:31:40.367Z,0.0023651123046875,-0.02496337890625,-0.99127197265625
2026-09-26T11:31:41.05Z,0.001007080078125,-0.0239715576171875,-0.992767333984375
2026-09-26T11:31:41.382Z,0.001007080078125,-0.0239715576171875,-0.992767333984375
2026-09-26T11:31:42.065Z,-0.0003509521484375,-0.02484130859375,-0.9928131103515624
2026-09-26T11:31:42.398Z,-0.0003509521484375,-0.02484130859375,-0.9928131103515624
2026-09-26T11:31:43.08Z,0.0008697509765625,-0.0244140625,-0.991485595703125
2026-09-26T11:31:43.412Z,0.0008697509765625,-0.0244140625,-0.991485595703125
2026-09-26T11:31:44.095Z,0.000823974609375,-0.0265045166015625,-0.99090576171875
2026-09-26T11:31:44.427Z,0.000823974609375,-0.0265045166015625,-0.99090576171875
2026-09-26T11:31:45.11Z,0.000823974609375,-0.0265045166015625,-0.99090576171875
2026-09-26T11:31:45.442Z,0.000823974609375,-0.0265045166015625,-0.99090576171875
2026-09-26T11:31:46.125Z,0.002105712890625,-0.0270843505859375,-0.9927825927734376
2026-09-26T11:31:46.458Z,0.002105712890625,-0.0270843505859375,-0.9927825927734376
2026-09-26T11:31:47.14Z,0.0008697509765625,-0.025177001953125,-0.992156982421875
2026-09-26T11:31:47.473Z,0.0008697509765625,-0.025177001953125,-0.992156982421875
2026-09-26T11:31:48.155Z,-0.002105712890625,-0.0293731689453125,-0.995849609375
2026-09-26T11:31:48.489Z,-0.002105712890625,-0.0293731689453125,-0.995849609375
2026-09-26T11:31:49.17Z,-0.002105712890625,-0.0293731689453125,-0.995849609375
2026-09-26T11:31:49.503Z,0.000213623046875,-0.02496337890625,-0.9930267333984376
2026-09-26T11:31:50.186Z,0.000213623046875,-0.02496337890625,-0.9930267333984376
2026-09-26T11:31:50.518Z,0.0004119873046875,-0.0236663818359375,-0.9935760498046876
2026-09-26T11:31:51.201Z,0.0004119873046875,-0.0236663818359375,-0.9935760498046876
2026-09-26T11:31:51.533Z,-0.002227783203125,-0.0257720947265625,-0.9950103759765624
2026-09-26T11:31:52.216Z,-0.002227783203125,-0.0257720947265625,-0.9950103759765624
2026-09-26T11:31:52.549Z,0.00054931640625,-0.01776123046875,-0.9911346435546876
2026-09-26T11:31:53.231Z,0.00054931640625,-0.01776123046875,-0.9911346435546876
2026-09-26T11:31:53.564Z,-0.2778167724609375,-0.0999298095703125,-1.127960205078125
2026-09-26T11:31:54.246Z,-0.2778167724609375,-0.0999298095703125,-1.127960205078125
2026-09-26T11:31:54.579Z,-0.6474151611328125,-0.45428466796875,-0.8150787353515625
2026-09-26T11:31:55.262Z,-0.6474151611328125,-0.45428466796875,-0.8150787353515625
2026-09-26T11:31:55.594Z,-0.6131439208984375,0.07733154296875,-0.7948455810546875
2026-09-26T11:31:56.277Z,-0.6131439208984375,0.07733154296875,-0.7948455810546875
2026-09-26T11:31:56.609Z,-1.0979156494140625,-0.2480316162109375,-0.0171661376953125
2026-09-26T11:31:57.292Z,-1.0979156494140625,-0.2480316162109375,-0.0171661376953125
2026-09-26T11:31:57.625Z,-1.127349853515625,-0.1174774169921875,-0.2835693359375
2026-09-26T11:31:58.307Z,-1.127349853515625,-0.1174774169921875,-0.2835693359375
2026-09-26T11:31:58.64Z,-1.0320892333984375,0.071136474609375,0.07843017578125
2026-09-26T11:31:59.322Z,-1.0320892333984375,0.071136474609375,0.07843017578125
2026-09-26T11:31:59.655Z,-1.0662841796875,-0.0904388427734375,-0.069915771484375
2026-09-26T11:32:00.337Z,-1.0662841796875,-0.0904388427734375,-0.069915771484375
2026-09-26T11:32:00.67Z,-1.08355712890625,0.173828125,0.096466064453125
2026-09-26T11:32:01.352Z,-1.08355712890625,0.173828125,0.096466064453125
2026-09-26T11:32:01.685Z,-0.9734649658203124,0.034271240234375,-0.0426483154296875
2026-09-26T11:32:02.368Z,-0.9734649658203124,0.034271240234375,-0.0426483154296875
2026-09-26T11:32:02.7Z,-0.9493255615234376,0.1115264892578125,-0.0966796875
2026-09-26T11:32:03.383Z,-0.9493255615234376,0.1115264892578125,-0.0966796875
2026-09-26T11:32:03.716Z,-1.0119171142578125,0.034820556640625,-0.109710693359375
2026-09-26T11:32:04.398Z,-1.0119171142578125,0.034820556640625,-0.109710693359375
2026-09-26T11:32:04.73Z,-0.9296417236328124,0.032440185546875,-0.207061767578125
2026-09-26T11:32:05.413Z,-0.9296417236328124,0.032440185546875,-0.207061767578125
2026-09-26T11:32:05.746Z,-1.0222320556640625,0.0025787353515625,0.011138916015625
2026-09-26T11:32:06.428Z,-1.0789031982421875,0.0456695556640625,-0.4230499267578125
2026-09-26T11:32:06.761Z,-1.0789031982421875,0.0456695556640625,-0.4230499267578125
2026-09-26T11:32:07.443Z,-0.9593963623046876,0.2068939208984375,-0.213134765625
2026-09-26T11:32:07.776Z,-0.9593963623046876,0.2068939208984375,-0.213134765625
2026-09-26T11:32:08.458Z,-0.93853759765625,0.0889434814453125,-0.1978302001953125
2026-09-26T11:32:08.792Z,-0.93853759765625,0.0889434814453125,-0.1978302001953125
2026-09-26T11:32:09.474Z,-0.9794464111328124,0.005706787109375,-0.25921630859375
2026-09-26T11:32:09.806Z,-0.9794464111328124,0.005706787109375,-0.25921630859375
2026-09-26T11:32:10.489Z,-0.9609832763671876,-0.0131683349609375,-0.1932830810546875
2026-09-26T11:32:10.822Z,-0.9609832763671876,-0.0131683349609375,-0.1932830810546875
2026-09-26T11:32:11.504Z,-0.97314453125,0.0792694091796875,-0.070526123046875
2026-09-26T11:32:11.837Z,-0.97314453125,0.0792694091796875,-0.070526123046875
2026-09-26T11:32:12.52Z,-1.056060791015625,0.0025482177734375,-0.2630615234375
2026-09-26T11:32:12.853Z,-1.056060791015625,0.0025482177734375,-0.2630615234375
2026-09-26T11:32:13.535Z,-0.9793548583984376,0.2199249267578125,-0.180328369140625
2026-09-26T11:32:13.868Z,-0.9793548583984376,0.2199249267578125,-0.180328369140625
2026-09-26T11:32:14.55Z,-0.9486236572265624,-0.0443878173828125,-0.16168212890625
2026-09-26T11:32:14.883Z,-0.9486236572265624,-0.0443878173828125,-0.16168212890625
2026-09-26T11:32:15.566Z,-0.9838104248046876,0.023468017578125,-0.038482666015625
2026-09-26T11:32:15.899Z,-0.9838104248046876,0.023468017578125,-0.038482666015625
2026-09-26T11:32:16.581Z,-1.193389892578125,-0.1125640869140625,0.16546630859375
2026-09-26T11:32:16.914Z,-1.193389892578125,-0.1125640869140625,0.16546630859375
2026-09-26T11:32:17.596Z,-0.9356689453125,-0.0967254638671875,0.058868408203125
2026-09-26T11:32:17.929Z,-0.9356689453125,-0.0967254638671875,0.058868408203125
2026-09-26T11:32:18.611Z,-1.0208282470703125,-0.1363677978515625,0.1510467529296875
2026-09-26T11:32:18.944Z,-1.0208282470703125,-0.1363677978515625,0.1510467529296875
2026-09-26T11:32:19.627Z,-1.0576019287109375,-0.1109619140625,0.1284332275390625
2026-09-26T11:32:19.961Z,-1.0576019287109375,-0.1109619140625,0.1284332275390625
2026-09-26T11:32:20.642Z,-0.9531097412109376,0.13165283203125,-0.12255859375
2026-09-26T11:32:20.975Z,-0.9531097412109376,0.13165283203125,-0.12255859375
2026-09-26T11:32:21.657Z,-1.0194244384765625,0.00439453125,-0.001678466796875
2026-09-26T11:32:21.99Z,-1.0194244384765625,0.00439453125,-0.001678466796875
2026-09-26T11:32:22.672Z,-0.9550933837890624,0.1310577392578125,-0.0995330810546875
2026-09-26T11:32:23.006Z,-0.9550933837890624,0.1310577392578125,-0.0995330810546875
2026-09-26T11:32:23.687Z,-0.9443359375,-0.0569305419921875,-0.2710418701171875
2026-09-26T11:32:24.02Z,-0.9443359375,-0.0569305419921875,-0.2710418701171875
2026-09-26T11:32:24.703Z,-0.9989013671875,0.4167022705078125,-0.0633697509765625
2026-09-26T11:32:25.035Z,-0.9989013671875,0.4167022705078125,-0.0633697509765625
2026-09-26T11:32:25.718Z,-1.07440185546875,0.1254730224609375,-0.1729888916015625
2026-09-26T11:32:26.051Z,-1.07440185546875,0.1254730224609375,-0.1729888916015625
2026-09-26T11:32:26.733Z,-0.8863525390625,0.1760711669921875,-0.1499786376953125
2026-09-26T11:32:27.065Z,-0.8863525390625,0.1760711669921875,-0.1499786376953125
2026-09-26T11:32:27.748Z,-0.9954376220703124,0.11474609375,0.05780029296875
2026-09-26T11:32:28.081Z,-0.9954376220703124,0.11474609375,0.05780029296875
2026-09-26T11:32:28.763Z,-0.889190673828125,-0.052001953125,-0.2991485595703125
2026-09-26T11:32:29.096Z,-0.889190673828125,-0.052001953125,-0.2991485595703125
2026-09-26T11:32:29.779Z,-0.9890289306640624,0.1273651123046875,-0.222930908203125
2026-09-26T11:32:30.111Z,-0.9890289306640624,0.1273651123046875,-0.222930908203125
2026-09-26T11:32:30.794Z,-0.9193115234375,0.336761474609375,-0.3437652587890625
2026-09-26T11:32:31.127Z,-0.9193115234375,0.336761474609375,-0.3437652587890625
2026-09-26T11:32:31.809Z,-0.8746337890625,-0.138031005859375,-0.2042083740234375
2026-09-26T11:32:32.142Z,-0.8746337890625,-0.138031005859375,-0.2042083740234375
2026-09-26T11:32:32.824Z,-0.8928070068359375,0.0706787109375,-0.0639495849609375
2026-09-26T11:32:33.157Z,-0.8928070068359375,0.0706787109375,-0.0639495849609375
2026-09-26T11:32:33.841Z,-0.6940765380859375,-0.1396636962890625,-0.6153564453125
2026-09-26T11:32:34.172Z,-0.6940765380859375,-0.1396636962890625,-0.6153564453125
2026-09-26T11:32:34.854Z,-0.9201507568359376,0.2587432861328125,0.0352783203125
2026-09-26T11:32:35.187Z,-0.9201507568359376,0.2587432861328125,0.0352783203125
2026-09-26T11:32:35.869Z,-0.7615814208984375,-0.017486572265625,-0.5705718994140625
2026-09-26T11:32:36.202Z,-0.7615814208984375,-0.017486572265625,-0.5705718994140625
2026-09-26T11:32:36.884Z,-0.9663238525390624,0.071685791015625,-0.1772613525390625
2026-09-26T11:32:37.217Z,-0.9663238525390624,0.071685791015625,-0.1772613525390625
2026-09-26T11:32:37.899Z,-1.0278778076171875,0.0511016845703125,0.053863525390625
2026-09-26T11:32:38.232Z,-1.0278778076171875,0.0511016845703125,0.053863525390625
2026-09-26T11:32:38.915Z,-0.89813232421875,-0.2014007568359375,-0.341552734375
2026-09-26T11:32:39.247Z,-0.89813232421875,-0.2014007568359375,-0.341552734375
2026-09-26T11:32:39.93Z,-0.9347076416015624,-0.465423583984375,0.093048095703125
2026-09-26T11:32:40.262Z,-0.9347076416015624,-0.465423583984375,0.093048095703125
2026-09-26T11:32:40.945Z,-1.1355743408203125,-0.0487060546875,-0.2161865234375
2026-09-26T11:32:41.277Z,-1.1355743408203125,-0.0487060546875,-0.2161865234375
2026-09-26T11:32:41.96Z,-0.9484405517578124,-0.278564453125,-0.2637176513671875
2026-09-26T11:32:42.292Z,-0.9484405517578124,-0.278564453125,-0.2637176513671875
2026-09-26T11:32:42.975Z,-1.077789306640625,0.0170745849609375,-0.317535400390625
2026-09-26T11:32:43.308Z,-1.077789306640625,0.0170745849609375,-0.317535400390625
2026-09-26T11:32:43.99Z,-0.9731903076171876,-0.0471343994140625,-0.1324005126953125
2026-09-26T11:32:44.323Z,-0.9731903076171876,-0.0471343994140625,-0.1324005126953125
2026-09-26T11:32:45.006Z,-1.06195068359375,-0.1768035888671875,-0.2184600830078125
2026-09-26T11:32:45.338Z,-1.06195068359375,-0.1768035888671875,-0.2184600830078125
2026-09-26T11:32:46.021Z,-0.8707733154296875,0.1631317138671875,-0.487762451171875
2026-09-26T11:32:46.353Z,-0.8707733154296875,0.1631317138671875,-0.487762451171875
2026-09-26T11:32:47.036Z,-1.0087738037109375,-0.2010955810546875,-0.272979736328125
2026-09-26T11:32:47.368Z,-1.0087738037109375,-0.2010955810546875,-0.272979736328125
2026-09-26T11:32:48.051Z,-1.050384521484375,-0.16143798828125,0.18536376953125
2026-09-26T11:32:48.383Z,-1.050384521484375,-0.16143798828125,0.18536376953125
2026-09-26T11:32:49.066Z,-1.14544677734375,0.082611083984375,-0.17584228515625
2026-09-26T11:32:49.399Z,-1.14544677734375,0.082611083984375,-0.17584228515625
2026-09-26T11:32:50.081Z,-0.94921875,-0.1817779541015625,0.197906494140625
2026-09-26T11:32:50.414Z,-0.94921875,-0.1817779541015625,0.197906494140625
2026-09-26T11:32:51.097Z,-0.9316864013671876,-0.1351165771484375,-0.1411590576171875
2026-09-26T11:32:51.429Z,-0.9316864013671876,-0.1351165771484375,-0.1411590576171875
2026-09-26T11:32:52.112Z,-1.1236724853515625,-0.0272979736328125,-0.4591827392578125
2026-09-26T11:32:52.445Z,-1.1236724853515625,-0.0272979736328125,-0.4591827392578125
2026-09-26T11:32:53.127Z,-1.048370361328125,0.0430145263671875,-0.2308197021484375
2026-09-26T11:32:53.46Z,-1.048370361328125,0.0430145263671875,-0.2308197021484375
2026-09-26T11:32:54.142Z,-0.814300537109375,-0.1693878173828125,-0.210113525390625
2026-09-26T11:32:54.474Z,-0.814300537109375,-0.1693878173828125,-0.210113525390625
2026-09-26T11:32:55.157Z,-1.1599578857421875,-0.2228851318359375,-0.16473388671875
2026-09-26T11:32:55.489Z,-1.1599578857421875,-0.2228851318359375,-0.16473388671875
2026-09-26T11:32:56.172Z,-1.009429931640625,-0.066436767578125,-0.19024658203125
2026-09-26T11:32:56.504Z,-1.009429931640625,-0.066436767578125,-0.19024658203125
2026-09-26T11:32:57.187Z,-0.7744293212890625,0.218780517578125,-0.492095947265625
2026-09-26T11:32:57.52Z,-0.7744293212890625,0.218780517578125,-0.492095947265625
2026-09-26T11:32:58.202Z,-0.3304290771484375,0.091827392578125,-0.6366729736328125
2026-09-26T11:32:58.535Z,-0.3304290771484375,0.091827392578125,-0.6366729736328125
2026-09-26T11:32:59.217Z,0.0116424560546875,-0.0044708251953125,-0.99261474609375
2026-09-26T11:32:59.55Z,0.0116424560546875,-0.0044708251953125,-0.99261474609375
2026-09-26T11:33:00.232Z,0.012115478515625,0.0003814697265625,-0.9932403564453124
2026-09-26T11:33:00.565Z,0.012115478515625,0.0003814697265625,-0.9932403564453124
2026-09-26T11:33:01.247Z,0.010467529296875,-0.0022735595703125,-0.9935760498046876
2026-09-26T11:33:01.58Z,0.010467529296875,-0.0022735595703125,-0.9935760498046876
2026-09-26T11:33:02.263Z,0.0158233642578125,0.0023956298828125,-0.9862060546875
2026-09-26T11:33:02.596Z,0.0158233642578125,0.0023956298828125,-0.9862060546875
2026-09-26T11:33:03.278Z,0.0114288330078125,-0.005828857421875,-0.9844207763671876
2026-09-26T11:33:03.611Z,0.0114288330078125,-0.005828857421875,-0.9844207763671876
2026-09-26T11:33:04.293Z,0.0178985595703125,0.00018310546875,-0.9996795654296876
2026-09-26T11:33:04.625Z,0.0178985595703125,0.00018310546875,-0.9996795654296876
2026-09-26T11:33:05.308Z,0.0105438232421875,-0.00189208984375,-0.992095947265625
2026-09-26T11:33:05.64Z,0.0105438232421875,-0.00189208984375,-0.992095947265625
2026-09-26T11:33:06.323Z,0.011260986328125,-0.001495361328125,-0.9919891357421876
2026-09-26T11:33:06.655Z,0.0092926025390625,-0.00030517578125,-0.9897308349609376
2026-09-26T11:33:07.338Z,0.0092926025390625,-0.00030517578125,-0.9897308349609376
2026-09-26T11:33:07.671Z,0.0092010498046875,-0.00262451171875,-0.99273681640625
2026-09-26T11:33:08.353Z,0.0092010498046875,-0.00262451171875,-0.99273681640625
2026-09-26T11:33:08.686Z,0.010101318359375,-0.000518798828125,-0.994049072265625
2026-09-26T11:33:09.368Z,0.010101318359375,-0.000518798828125,-0.994049072265625
2026-09-26T11:33:09.701Z,0.0108795166015625,-0.0012054443359375,-0.99212646484375
2026-09-26T11:33:10.383Z,0.0108795166015625,-0.0012054443359375,-0.99212646484375
2026-09-26T11:33:10.716Z,0.00933837890625,-0.000946044921875,-0.991973876953125
2026-09-26T11:33:11.398Z,0.00933837890625,-0.000946044921875,-0.991973876953125
2026-09-26T11:33:11.731Z,0.00970458984375,-0.000732421875,-0.9914093017578124
2026-09-26T11:33:12.415Z,0.00970458984375,-0.000732421875,-0.9914093017578124
2026-09-26T11:33:12.745Z,0.0099334716796875,-0.00030517578125,-0.99298095703125
2026-09-26T11:33:13.428Z,0.0099334716796875,-0.00030517578125,-0.99298095703125
2026-09-26T11:33:13.761Z,0.0095672607421875,0.0002593994140625,-0.990814208984375
2026-09-26T11:33:14.443Z,0.0095672607421875,0.0002593994140625,-0.990814208984375
2026-09-26T11:33:14.775Z,0.0099029541015625,-0.001312255859375,-0.9920501708984376
2026-09-26T11:33:15.458Z,0.0099029541015625,-0.001312255859375,-0.9920501708984376
2026-09-26T11:33:15.791Z,0.0099945068359375,-0.0011749267578125,-0.9923553466796876
2026-09-26T11:33:16.473Z,0.0099945068359375,-0.0011749267578125,-0.9923553466796876
2026-09-26T11:33:16.806Z,0.009429931640625,-0.000946044921875,-0.990692138671875
2026-09-26T11:33:17.489Z,0.009429931640625,-0.000946044921875,-0.990692138671875
2026-09-26T11:33:17.821Z,0.01043701171875,-0.00030517578125,-0.992919921875
2026-09-26T11:33:18.504Z,0.01043701171875,-0.00030517578125,-0.992919921875
2026-09-26T11:33:18.836Z,0.0095062255859375,0.0004425048828125,-0.9916534423828124
2026-09-26T11:33:19.519Z,0.0095062255859375,0.0004425048828125,-0.9916534423828124
2026-09-26T11:33:19.851Z,0.00701904296875,-0.0016937255859375,-0.9947509765625
2026-09-26T11:33:20.534Z,0.00701904296875,-0.0016937255859375,-0.9947509765625
2026-09-26T11:33:20.866Z,0.0098419189453125,-0.000762939453125,-0.9936676025390624
2026-09-26T11:33:21.549Z,0.0098419189453125,-0.000762939453125,-0.9936676025390624
2026-09-26T11:33:21.881Z,0.0094451904296875,0.0078125,-0.9947052001953124
2026-09-26T11:33:22.564Z,0.008453369140625,-0.0061492919921875,-0.9871826171875
2026-09-26T11:33:22.896Z,0.008453369140625,-0.0061492919921875,-0.9871826171875
2026-09-26T11:33:23.579Z,0.0096588134765625,-0.000823974609375,-0.9913787841796876
2026-09-26T11:33:23.912Z,0.0096588134765625,-0.000823974609375,-0.9913787841796876
2026-09-26T11:33:24.594Z,0.01025390625,0.000152587890625,-0.9926300048828124
2026-09-26T11:33:24.926Z,0.01025390625,0.000152587890625,-0.9926300048828124
2026-09-26T11:33:25.609Z,0.0102386474609375,-0.002197265625,-0.993682861328125
2026-09-26T11:33:25.942Z,0.0102386474609375,-0.002197265625,-0.993682861328125
2026-09-26T11:33:26.624Z,0.0101470947265625,-0.0021820068359375,-0.9935302734375
2026-09-26T11:33:26.957Z,0.0101470947265625,-0.0021820068359375,-0.9935302734375
2026-09-26T11:33:27.639Z,0.00927734375,-0.0006256103515625,-0.992767333984375
2026-09-26T11:33:27.972Z,0.00927734375,-0.0006256103515625,-0.992767333984375
2026-09-26T11:33:28.654Z,0.01080322265625,-0.000732421875,-0.9926605224609376
2026-09-26T11:33:28.987Z,0.01080322265625,-0.000732421875,-0.9926605224609376
2026-09-26T11:33:29.669Z,0.009552001953125,0.00018310546875,-0.9949493408203124
2026-09-26T11:33:30.001Z,0.009552001953125,0.00018310546875,-0.9949493408203124
2026-09-26T11:33:30.684Z,0.00982666015625,-0.002166748046875,-0.9892730712890624
2026-09-26T11:33:31.016Z,0.00982666015625,-0.002166748046875,-0.9892730712890624
2026-09-26T11:33:31.699Z,0.01007080078125,-0.0029449462890625,-0.9932861328125
2026-09-26T11:33:32.032Z,0.01007080078125,-0.0029449462890625,-0.9932861328125
2026-09-26T11:33:32.714Z,0.00958251953125,-0.002532958984375,-0.992523193359375
2026-09-26T11:33:33.047Z,0.00958251953125,-0.002532958984375,-0.992523193359375
2026-09-26T11:33:33.729Z,0.008575439453125,-0.0027923583984375,-0.9944000244140624
2026-09-26T11:33:34.062Z,0.008575439453125,-0.0027923583984375,-0.9944000244140624
2026-09-26T11:33:34.744Z,0.015838623046875,0.00146484375,-0.98956298828125
2026-09-26T11:33:35.077Z,0.015838623046875,0.00146484375,-0.98956298828125
2026-09-26T11:33:35.759Z,0.013885498046875,-0.001068115234375,-0.9861907958984376
2026-09-26T11:33:36.092Z,0.013885498046875,-0.001068115234375,-0.9861907958984376
2026-09-26T11:33:36.774Z,0.0086212158203125,-0.0030975341796875,-0.9890289306640624
2026-09-26T11:33:37.107Z,0.0086212158203125,-0.0030975341796875,-0.9890289306640624
2026-09-26T11:33:37.791Z,0.010284423828125,0.00091552734375,-0.9954986572265624
2026-09-26T11:33:38.122Z,0.010284423828125,0.00091552734375,-0.9954986572265624
2026-09-26T11:33:38.804Z,0.0104522705078125,-0.00164794921875,-0.9936370849609376
2026-09-26T11:33:39.137Z,0.0104522705078125,-0.00164794921875,-0.9936370849609376
2026-09-26T11:33:39.819Z,0.010345458984375,-0.0003204345703125,-0.991302490234375
2026-09-26T11:33:40.151Z,0.010345458984375,-0.0003204345703125,-0.991302490234375
2026-09-26T11:33:40.834Z,0.0079803466796875,-0.0003509521484375,-0.99151611328125
2026-09-26T11:33:41.166Z,0.0079803466796875,-0.0003509521484375,-0.99151611328125
2026-09-26T11:33:41.849Z,0.0107269287109375,9.1552734375e-05,-0.9931488037109376
2026-09-26T11:33:42.182Z,0.0107269287109375,9.1552734375e-05,-0.9931488037109376
2026-09-26T11:33:42.864Z,0.010223388671875,-0.001190185546875,-0.9940338134765624
2026-09-26T11:33:43.197Z,0.010223388671875,-0.001190185546875,-0.9940338134765624
2026-09-26T11:33:43.879Z,0.0104827880859375,-0.0012664794921875,-0.991302490234375
2026-09-26T11:33:44.212Z,0.0104827880859375,-0.0012664794921875,-0.991302490234375
2026-09-26T11:33:44.894Z,0.0118865966796875,-7.62939453125e-05,-0.9925994873046876
2026-09-26T11:33:45.227Z,0.0118865966796875,-7.62939453125e-05,-0.9925994873046876
2026-09-26T11:33:45.909Z,0.01080322265625,-0.0025177001953125,-0.9945220947265624
2026-09-26T11:33:46.242Z,0.01080322265625,-0.0025177001953125,-0.9945220947265624
2026-09-26T11:33:46.924Z,0.0103302001953125,0.002471923828125,-1.0019989013671875
2026-09-26T11:33:47.257Z,0.0103302001953125,0.002471923828125,-1.0019989013671875
2026-09-26T11:33:47.939Z,0.01019287109375,-0.0007476806640625,-0.9917144775390624
2026-09-26T11:33:48.272Z,0.01019287109375,-0.0007476806640625,-0.9917144775390624
2026-09-26T11:33:48.955Z,0.011322021484375,-0.0001068115234375,-0.99371337890625
2026-09-26T11:33:49.287Z,0.011322021484375,-0.0001068115234375,-0.99371337890625
2026-09-26T11:33:49.97Z,0.0101776123046875,-0.001129150390625,-0.9925384521484376
2026-09-26T11:33:50.302Z,0.0101776123046875,-0.001129150390625,-0.9925384521484376
2026-09-26T11:33:50.985Z,0.0106201171875,-0.000213623046875,-0.991668701171875
2026-09-26T11:33:51.318Z,0.0106201171875,-0.000213623046875,-0.991668701171875
2026-09-26T11:33:52.333Z,0.0099334716796875,0.0,-0.9973297119140624
2026-09-26T11:33:52Z,0.0099334716796875,0.0,-0.9973297119140624
2026-09-26T11:33:53.015Z,0.0097503662109375,0.0005950927734375,-0.99169921875
2026-09-26T11:33:53.348Z,0.0097503662109375,0.0005950927734375,-0.99169921875
2026-09-26T11:33:54.03Z,0.009246826171875,-0.000732421875,-0.9934539794921876
2026-09-26T11:33:54.363Z,0.009246826171875,-0.000732421875,-0.9934539794921876
2026-09-26T11:34:17.035Z,-0.0470733642578125,-0.6220855712890625,-0.7765045166015625
2026-09-26T11:34:17.202Z,-0.0470733642578125,-0.6220855712890625,-0.7765045166015625
2026-09-26T11:34:18.05Z,-0.0014495849609375,-0.584869384765625,-0.83087158203125
2026-09-26T11:34:18.217Z,-0.0014495849609375,-0.584869384765625,-0.83087158203125
2026-09-26T11:34:19.066Z,-0.21624755859375,-0.6171417236328125,-0.9295196533203124
2026-09-26T11:34:19.232Z,-0.21624755859375,-0.6171417236328125,-0.9295196533203124
2026-09-26T11:34:20.081Z,-0.4519805908203125,-0.033050537109375,-1.0670928955078125
2026-09-26T11:34:20.247Z,-0.4519805908203125,-0.033050537109375,-1.0670928955078125
2026-09-26T11:34:21.096Z,-0.098602294921875,-0.3414154052734375,-0.87823486328125
2026-09-26T11:34:21.262Z,-0.098602294921875,-0.3414154052734375,-0.87823486328125
2026-09-26T11:34:22.111Z,-0.956085205078125,0.098663330078125,-0.4569854736328125
2026-09-26T11:34:22.277Z,-0.956085205078125,0.098663330078125,-0.4569854736328125
2026-09-26T11:34:23.126Z,-1.0348968505859375,0.38885498046875,-0.25689697265625
2026-09-26T11:34:23.293Z,-1.0348968505859375,0.38885498046875,-0.25689697265625
2026-09-26T11:34:24.141Z,-0.0962982177734375,-0.625274658203125,-0.7309112548828125
2026-09-26T11:34:24.308Z,-0.0962982177734375,-0.625274658203125,-0.7309112548828125
2026-09-26T11:34:25.157Z,-0.3090362548828125,0.12451171875,-1.0068359375
2026-09-26T11:34:25.323Z,-0.28607177734375,-0.0519561767578125,-0.945220947265625
2026-09-26T11:34:26.172Z,-0.28607177734375,-0.0519561767578125,-0.945220947265625
2026-09-26T11:34:26.338Z,-0.8528289794921875,0.1557159423828125,-0.2923126220703125
2026-09-26T11:34:27.187Z,-0.8528289794921875,0.1557159423828125,-0.2923126220703125
2026-09-26T11:34:27.353Z,0.0232391357421875,-0.693115234375,-0.679412841796875
2026-09-26T11:34:28.202Z,0.0232391357421875,-0.693115234375,-0.679412841796875
2026-09-26T11:34:28.368Z,-0.3094940185546875,0.26873779296875,-0.9745330810546876
2026-09-26T11:34:29.217Z,-0.3094940185546875,0.26873779296875,-0.9745330810546876
2026-09-26T11:34:29.384Z,-1.1549072265625,0.174346923828125,-0.383087158203125
2026-09-26T11:34:30.233Z,-1.1549072265625,0.174346923828125,-0.383087158203125
2026-09-26T11:34:30.399Z,-0.4156341552734375,-0.7362060546875,-0.5665435791015625
2026-09-26T11:34:31.247Z,-0.4156341552734375,-0.7362060546875,-0.5665435791015625
2026-09-26T11:34:31.414Z,-0.4004669189453125,-0.0531463623046875,-0.92083740234375
2026-09-26T11:34:32.262Z,-0.4004669189453125,-0.0531463623046875,-0.92083740234375
2026-09-26T11:34:32.428Z,-0.772125244140625,-0.270751953125,-0.438568115234375
2026-09-26T11:34:33.277Z,-0.772125244140625,-0.270751953125,-0.438568115234375
2026-09-26T11:34:33.444Z,-0.2324981689453125,-0.1009674072265625,-0.793365478515625
2026-09-26T11:34:34.293Z,-0.2324981689453125,-0.1009674072265625,-0.793365478515625
2026-09-26T11:34:34.459Z,-1.1409454345703125,-0.124298095703125,-0.0586700439453125
2026-09-26T11:34:35.308Z,-1.1409454345703125,-0.124298095703125,-0.0586700439453125
2026-09-26T11:34:35.474Z,-0.742767333984375,0.0536651611328125,-0.8507537841796875
2026-09-26T11:34:36.323Z,-0.742767333984375,0.0536651611328125,-0.8507537841796875
2026-09-26T11:34:36.489Z,-0.1742706298828125,-0.837158203125,-0.515411376953125
2026-09-26T11:34:37.338Z,-0.8156585693359375,-0.03533935546875,-0.5926055908203125
2026-09-26T11:34:37.504Z,-0.8156585693359375,-0.03533935546875,-0.5926055908203125
2026-09-26T11:34:38.353Z,-0.3633880615234375,-0.044219970703125,-0.8622589111328125
2026-09-26T11:34:38.52Z,-0.3633880615234375,-0.044219970703125,-0.8622589111328125
2026-09-26T11:34:39.369Z,-0.0903167724609375,-0.461944580078125,-0.909393310546875
2026-09-26T11:34:39.535Z,-0.0903167724609375,-0.461944580078125,-0.909393310546875
2026-09-26T11:34:40.384Z,-0.13421630859375,-0.420806884765625,-0.9188690185546876
2026-09-26T11:34:40.55Z,-0.13421630859375,-0.420806884765625,-0.9188690185546876
2026-09-26T11:34:41.399Z,-0.1650390625,-0.40765380859375,-0.904052734375
2026-09-26T11:34:41.565Z,-0.1650390625,-0.40765380859375,-0.904052734375
2026-09-26T11:34:42.414Z,-0.15191650390625,-0.38848876953125,-0.898681640625
2026-09-26T11:34:42.58Z,-0.15191650390625,-0.38848876953125,-0.898681640625
2026-09-26T11:34:43.43Z,-0.1539764404296875,-0.4078521728515625,-0.825347900390625
2026-09-26T11:34:43.596Z,-0.1539764404296875,-0.4078521728515625,-0.825347900390625
2026-09-26T11:34:44.445Z,-0.134033203125,-0.3901519775390625,-0.9142303466796876
2026-09-26T11:34:44.611Z,-0.134033203125,-0.3901519775390625,-0.9142303466796876
2026-09-26T11:34:45.459Z,-0.1509552001953125,-0.406097412109375,-0.9053802490234376
2026-09-26T11:34:45.625Z,-0.1509552001953125,-0.406097412109375,-0.9053802490234376
2026-09-26T11:34:46.474Z,-0.1120758056640625,-0.361968994140625,-0.909088134765625
2026-09-26T11:34:46.64Z,-0.1120758056640625,-0.361968994140625,-0.909088134765625
2026-09-26T11:34:47.489Z,-0.1543731689453125,-0.3774566650390625,-0.9112091064453124
2026-09-26T11:34:47.656Z,-0.1543731689453125,-0.3774566650390625,-0.9112091064453124
2026-09-26T11:34:48.504Z,-0.14630126953125,-0.3693084716796875,-0.909576416015625
2026-09-26T11:34:48.67Z,-0.14630126953125,-0.3693084716796875,-0.909576416015625
2026-09-26T11:34:49.519Z,-0.117340087890625,-0.3697052001953125,-0.921417236328125
2026-09-26T11:34:49.685Z,-0.117340087890625,-0.3697052001953125,-0.921417236328125
2026-09-26T11:34:50.534Z,-0.1130218505859375,-0.365570068359375,-0.9202728271484376
2026-09-26T11:34:50.7Z,-0.1130218505859375,-0.365570068359375,-0.9202728271484376
2026-09-26T11:34:51.549Z,-0.131805419921875,-0.3910980224609375,-0.9267730712890624
2026-09-26T11:34:51.715Z,-0.131805419921875,-0.3910980224609375,-0.9267730712890624
2026-09-26T11:34:52.564Z,-0.2114715576171875,-0.4209136962890625,-0.98199462890625
2026-09-26T11:34:52.73Z,-0.2114715576171875,-0.4209136962890625,-0.98199462890625
2026-09-26T11:34:53.579Z,-0.2025299072265625,-0.3231201171875,-0.9150390625
2026-09-26T11:34:53.746Z,-0.2025299072265625,-0.3231201171875,-0.9150390625
2026-09-26T11:34:54.593Z,-0.655487060546875,0.6082916259765625,-0.8720855712890625
2026-09-26T11:34:54.76Z,-0.655487060546875,0.6082916259765625,-0.8720855712890625
2026-09-26T11:34:55.608Z,-0.9405364990234376,-0.6432952880859375,0.0589599609375
2026-09-26T11:34:55.779Z,-0.9405364990234376,-0.6432952880859375,0.0589599609375
2026-09-26T11:34:56.624Z,-0.430908203125,-0.426910400390625,-0.7046356201171875
2026-09-26T11:34:56.79Z,-0.430908203125,-0.426910400390625,-0.7046356201171875
2026-09-26T11:34:57.639Z,-0.275665283203125,-0.0057373046875,-0.83489990234375
2026-09-26T11:34:57.805Z,-0.275665283203125,-0.0057373046875,-0.83489990234375
2026-09-26T11:34:58.654Z,0.107818603515625,-0.1734161376953125,-0.7335968017578125
2026-09-26T11:34:58.821Z,0.107818603515625,-0.1734161376953125,-0.7335968017578125
2026-09-26T11:34:59.67Z,0.0735931396484375,-0.7387542724609375,-0.6391143798828125
2026-09-26T11:34:59.836Z,0.0735931396484375,-0.7387542724609375,-0.6391143798828125
2026-09-26T11:35:00.685Z,-0.2130889892578125,0.09942626953125,-0.9583587646484376
2026-09-26T11:35:00.851Z,-0.2130889892578125,0.09942626953125,-0.9583587646484376
2026-09-26T11:35:01.7Z,-0.157135009765625,-0.41961669921875,-0.99896240234375
2026-09-26T11:35:01.866Z,-0.157135009765625,-0.41961669921875,-0.99896240234375
2026-09-26T11:35:02.715Z,-0.660919189453125,0.1004791259765625,-0.6009674072265625
2026-09-26T11:35:02.882Z,-0.660919189453125,0.1004791259765625,-0.6009674072265625
2026-09-26T11:35:03.731Z,-0.660919189453125,0.1004791259765625,-0.6009674072265625
2026-09-26T11:35:03.897Z,-0.660919189453125,0.1004791259765625,-0.6009674072265625
2026-09-26T11:35:04.745Z,-0.7581787109375,-0.5645751953125,-0.6950531005859375
2026-09-26T11:35:04.912Z,-0.7581787109375,-0.5645751953125,-0.6950531005859375
2026-09-26T11:35:05.761Z,-0.73406982421875,0.2005615234375,-1.0062408447265625
2026-09-26T11:35:05.927Z,-0.73406982421875,0.2005615234375,-1.0062408447265625
2026-09-26T11:35:06.776Z,-0.1345062255859375,-0.49761962890625,-0.750030517578125
2026-09-26T11:35:06.942Z,-0.1345062255859375,-0.49761962890625,-0.750030517578125
2026-09-26T11:35:07.791Z,-0.477142333984375,-0.2493743896484375,-0.90673828125
2026-09-26T11:35:07.957Z,-0.477142333984375,-0.2493743896484375,-0.90673828125
2026-09-26T11:35:08.806Z,-0.8099212646484375,0.43499755859375,-0.889678955078125
2026-09-26T11:35:08.973Z,-0.8099212646484375,0.43499755859375,-0.889678955078125
2026-09-26T11:35:09.821Z,-0.99273681640625,0.2496337890625,-0.967926025390625
2026-09-26T11:35:09.988Z,-0.99273681640625,0.2496337890625,-0.967926025390625
2026-09-26T11:35:10.836Z,-0.724884033203125,-0.16180419921875,-0.34234619140625
2026-09-26T11:35:11.003Z,-0.724884033203125,-0.16180419921875,-0.34234619140625
2026-09-26T11:35:11.851Z,-0.922821044921875,0.3081512451171875,-0.4363555908203125
2026-09-26T11:35:12.018Z,-0.922821044921875,0.3081512451171875,-0.4363555908203125
2026-09-26T11:35:12.867Z,-0.844329833984375,0.40887451171875,-0.45965576171875
2026-09-26T11:35:13.033Z,-0.844329833984375,0.40887451171875,-0.45965576171875
2026-09-26T11:35:13.882Z,-0.4237060546875,0.3966064453125,-0.8665008544921875
2026-09-26T11:35:14.049Z,-0.4237060546875,0.3966064453125,-0.8665008544921875
2026-09-26T11:35:14.896Z,-0.34136962890625,0.207794189453125,-0.7403106689453125
2026-09-26T11:35:15.063Z,-0.34136962890625,0.207794189453125,-0.7403106689453125
2026-09-26T11:35:15.912Z,-0.0089874267578125,-0.0449371337890625,-0.9925689697265624
2026-09-26T11:35:16.078Z,-0.0089874267578125,-0.0449371337890625,-0.9925689697265624
2026-09-26T11:35:16.927Z,-0.00921630859375,-0.0462799072265625,-0.99078369140625
2026-09-26T11:35:17.093Z,-0.00921630859375,-0.0462799072265625,-0.99078369140625
2026-09-26T11:35:17.942Z,-0.009246826171875,-0.0451202392578125,-0.9911956787109376
2026-09-26T11:35:18.108Z,-0.009246826171875,-0.0451202392578125,-0.9911956787109376
2026-09-26T11:35:18.958Z,-0.008209228515625,-0.0460205078125,-0.9918670654296876
2026-09-26T11:35:19.124Z,-0.0090179443359375,-0.04571533203125,-0.9908447265625
2026-09-26T11:35:19.972Z,-0.0090179443359375,-0.04571533203125,-0.9908447265625
2026-09-26T11:35:20.138Z,-0.0088958740234375,-0.0455169677734375,-0.991912841796875
2026-09-26T11:35:20.987Z,-0.0088958740234375,-0.0455169677734375,-0.991912841796875
2026-09-26T11:35:21.153Z,-0.00897216796875,-0.045013427734375,-0.9915618896484376
2026-09-26T11:35:22.002Z,-0.00897216796875,-0.045013427734375,-0.9915618896484376
2026-09-26T11:35:22.168Z,-0.0099029541015625,-0.0451202392578125,-0.9917449951171876
2026-09-26T11:35:23.018Z,-0.0099029541015625,-0.0451202392578125,-0.9917449951171876
2026-09-26T11:35:23.184Z,-0.0092620849609375,-0.0455169677734375,-0.9932403564453124
2026-09-26T11:35:24.033Z,-0.0092620849609375,-0.0455169677734375,-0.9932403564453124
2026-09-26T11:35:24.199Z,-0.00909423828125,-0.0450592041015625,-0.991790771484375
2026-09-26T11:35:25.048Z,-0.00909423828125,-0.0450592041015625,-0.991790771484375
2026-09-26T11:35:25.214Z,-0.007293701171875,-0.0461578369140625,-0.991790771484375
2026-09-26T11:35:26.063Z,-0.007293701171875,-0.0461578369140625,-0.991790771484375
2026-09-26T11:35:26.229Z,-0.00958251953125,-0.04595947265625,-0.9923095703125
2026-09-26T11:35:27.078Z,-0.00958251953125,-0.04595947265625,-0.9923095703125
2026-09-26T11:35:27.244Z,-0.009521484375,-0.0434417724609375,-0.99261474609375
2026-09-26T11:35:28.093Z,-0.009521484375,-0.0434417724609375,-0.99261474609375
2026-09-26T11:35:28.26Z,-0.0093536376953125,-0.044891357421875,-0.9929046630859376
2026-09-26T11:35:29.112Z,-0.0093536376953125,-0.044891357421875,-0.9929046630859376
2026-09-26T11:35:29.275Z,-0.0089263916015625,-0.0460662841796875,-0.9931640625
2026-09-26T11:35:30.123Z,-0.0089263916015625,-0.0460662841796875,-0.9931640625
2026-09-26T11:35:30.29Z,-0.009552001953125,-0.045196533203125,-0.9916534423828124
2026-09-26T11:35:31.139Z,-0.009552001953125,-0.045196533203125,-0.9916534423828124
2026-09-26T11:35:31.305Z,-0.009490966796875,-0.0451812744140625,-0.99176025390625
2026-09-26T11:35:32.154Z,-0.009490966796875,-0.0451812744140625,-0.99176025390625
2026-09-26T11:35:32.32Z,-0.009735107421875,-0.0454864501953125,-0.991485595703125
2026-09-26T11:35:33.169Z,-0.009735107421875,-0.0454864501953125,-0.991485595703125
2026-09-26T11:35:33.335Z,-0.0092315673828125,-0.044647216796875,-0.991973876953125
2026-09-26T11:35:34.185Z,-0.0092315673828125,-0.044647216796875,-0.991973876953125
2026-09-26T11:35:34.351Z,-0.0091705322265625,-0.0450286865234375,-0.99151611328125
2026-09-26T11:35:35.199Z,-0.0091705322265625,-0.0450286865234375,-0.99151611328125
2026-09-26T11:35:35.365Z,-0.009674072265625,-0.0453033447265625,-0.9918060302734376
2026-09-26T11:35:36.214Z,-0.0084991455078125,-0.045989990234375,-0.9914398193359376
2026-09-26T11:35:36.38Z,-0.0084991455078125,-0.045989990234375,-0.9914398193359376
2026-09-26T11:35:37.229Z,-0.0100860595703125,-0.0462188720703125,-0.9913330078125
2026-09-26T11:35:37.395Z,-0.0100860595703125,-0.0462188720703125,-0.9913330078125
2026-09-26T11:35:38.244Z,-0.0098724365234375,-0.0465240478515625,-0.992095947265625
2026-09-26T11:35:38.411Z,-0.0098724365234375,-0.0465240478515625,-0.992095947265625
2026-09-26T11:35:39.259Z,-0.0086669921875,-0.046539306640625,-0.993072509765625
2026-09-26T11:35:39.425Z,-0.0086669921875,-0.046539306640625,-0.993072509765625
2026-09-26T11:35:40.274Z,-0.00927734375,-0.0460662841796875,-0.9910736083984376
2026-09-26T11:35:40.44Z,-0.00927734375,-0.0460662841796875,-0.9910736083984376
2026-09-26T11:35:41.289Z,-0.0089263916015625,-0.045135498046875,-0.990509033203125
2026-09-26T11:35:41.455Z,-0.0089263916015625,-0.045135498046875,-0.990509033203125
2026-09-26T11:35:42.304Z,-0.008209228515625,-0.04620361328125,-0.99298095703125
2026-09-26T11:35:42.471Z,-0.008209228515625,-0.04620361328125,-0.99298095703125
2026-09-26T11:35:43.32Z,-0.008941650390625,-0.0451812744140625,-0.9921112060546876
2026-09-26T11:35:43.486Z,-0.008941650390625,-0.0451812744140625,-0.9921112060546876
2026-09-26T11:35:44.335Z,-0.0093536376953125,-0.046844482421875,-0.9912261962890624
2026-09-26T11:35:44.501Z,-0.0093536376953125,-0.046844482421875,-0.9912261962890624
2026-09-26T11:35:45.35Z,-0.0099945068359375,-0.045562744140625,-0.9925994873046876
2026-09-26T11:35:45.516Z,-0.0099945068359375,-0.045562744140625,-0.9925994873046876
2026-09-26T11:35:46.365Z,-0.00933837890625,-0.0451812744140625,-0.9913177490234376
2026-09-26T11:35:46.531Z,-0.00933837890625,-0.0451812744140625,-0.9913177490234376
2026-09-26T11:35:47.38Z,-0.0087738037109375,-0.04534912109375,-0.9918670654296876
2026-09-26T11:35:47.546Z,-0.0087738037109375,-0.04534912109375,-0.9918670654296876
2026-09-26T11:35:48.395Z,-0.0103759765625,-0.04522705078125,-0.992431640625
2026-09-26T11:35:48.561Z,-0.0103759765625,-0.04522705078125,-0.992431640625
2026-09-26T11:35:49.41Z,-0.0148162841796875,-0.04302978515625,-1.0098724365234375
2026-09-26T11:35:49.576Z,-0.0148162841796875,-0.04302978515625,-1.0098724365234375
2026-09-26T11:35:50.425Z,-0.00927734375,-0.045440673828125,-0.9906005859375
2026-09-26T11:35:50.592Z,-0.00927734375,-0.045440673828125,-0.9906005859375
2026-09-26T11:35:51.44Z,-0.009002685546875,-0.045074462890625,-0.99078369140625
2026-09-26T11:35:51.607Z,-0.009002685546875,-0.045074462890625,-0.99078369140625
2026-09-26T11:35:52.456Z,-0.0093536376953125,-0.0460205078125,-0.9926605224609376
2026-09-26T11:35:52.622Z,-0.0093536376953125,-0.0460205078125,-0.9926605224609376
2026-09-26T11:35:53.472Z,-0.0093536376953125,-0.0455322265625,-0.9905548095703124
2026-09-26T11:35:53.638Z,-0.0093536376953125,-0.0455322265625,-0.9905548095703124
2026-09-26T11:35:54.487Z,-0.010009765625,-0.04632568359375,-0.99151611328125
2026-09-26T11:35:54.653Z,-0.010009765625,-0.04632568359375,-0.99151611328125
2026-09-26T11:35:55.502Z,-0.0097198486328125,-0.0462646484375,-0.992279052734375
2026-09-26T11:35:55.668Z,-0.0097198486328125,-0.0462646484375,-0.992279052734375
2026-09-26T11:35:56.517Z,-0.0090179443359375,-0.0455322265625,-0.9910888671875
2026-09-26T11:35:56.683Z,-0.0090179443359375,-0.0455322265625,-0.9910888671875
2026-09-26T11:35:57.532Z,-0.0095672607421875,-0.0453948974609375,-0.9913482666015624
2026-09-26T11:35:57.698Z,-0.0095672607421875,-0.0453948974609375,-0.9913482666015624
2026-09-26T11:35:58.547Z,-0.0093841552734375,-0.04510498046875,-0.9921417236328124
2026-09-26T11:35:58.714Z,-0.0093841552734375,-0.04510498046875,-0.9921417236328124
2026-09-26T11:35:59.562Z,-0.0098114013671875,-0.0458831787109375,-0.991851806640625
2026-09-26T11:35:59.728Z,-0.0098114013671875,-0.0458831787109375,-0.991851806640625
2026-09-26T11:36:00.577Z,-0.0101318359375,-0.044921875,-0.991851806640625
2026-09-26T11:36:00.743Z,-0.0101318359375,-0.044921875,-0.991851806640625
2026-09-26T11:36:01.592Z,-0.0090484619140625,-0.045623779296875,-0.992034912109375
2026-09-26T11:36:01.758Z,-0.0090484619140625,-0.045623779296875,-0.992034912109375
2026-09-26T11:36:02.607Z,-0.9437255859375,-0.20428466796875,-0.3127899169921875
2026-09-26T11:36:02.773Z,-0.9437255859375,-0.20428466796875,-0.3127899169921875
2026-09-26T11:36:03.623Z,0.1750640869140625,-0.5944366455078125,-0.9314422607421876
2026-09-26T11:36:03.789Z,0.1750640869140625,-0.5944366455078125,-0.9314422607421876
2026-09-26T11:36:04.637Z,-0.324493408203125,-0.348175048828125,-0.395538330078125
2026-09-26T11:36:04.806Z,-0.324493408203125,-0.348175048828125,-0.395538330078125
2026-09-26T11:36:05.653Z,0.2998199462890625,-0.624267578125,-0.5602264404296875
2026-09-26T11:36:05.819Z,0.2998199462890625,-0.624267578125,-0.5602264404296875
2026-09-26T11:36:06.668Z,0.936126708984375,-0.4486846923828125,-0.1455841064453125
2026-09-26T11:36:06.834Z,0.936126708984375,-0.4486846923828125,-0.1455841064453125
2026-09-26T11:36:07.683Z,0.724517822265625,-0.4183502197265625,-0.615020751953125
2026-09-26T11:36:07.849Z,0.724517822265625,-0.4183502197265625,-0.615020751953125
2026-09-26T11:36:08.698Z,0.693328857421875,-0.365966796875,-0.6727142333984375
2026-09-26T11:36:08.865Z,0.693328857421875,-0.365966796875,-0.6727142333984375
2026-09-26T11:36:09.713Z,0.6736602783203125,-0.3876800537109375,-0.49395751953125
2026-09-26T11:36:09.879Z,0.6736602783203125,-0.3876800537109375,-0.49395751953125
2026-09-26T11:36:10.728Z,0.4247283935546875,-0.6632537841796875,-0.483245849609375
2026-09-26T11:36:10.895Z,0.4247283935546875,-0.6632537841796875,-0.483245849609375
2026-09-26T11:36:11.743Z,-0.2643890380859375,-0.78802490234375,-0.556671142578125
2026-09-26T11:36:11.91Z,-0.2643890380859375,-0.78802490234375,-0.556671142578125
2026-09-26T11:36:12.759Z,-0.388763427734375,-0.81060791015625,-0.4554901123046875
2026-09-26T11:36:12.925Z,-0.388763427734375,-0.81060791015625,-0.4554901123046875
2026-09-26T11:36:13.775Z,0.5862884521484375,-0.6410064697265625,-0.49737548828125
2026-09-26T11:36:13.941Z,0.5862884521484375,-0.6410064697265625,-0.49737548828125
2026-09-26T11:36:14.789Z,0.2924346923828125,-0.671600341796875,-0.6948089599609375
2026-09-26T11:36:14.955Z,0.2924346923828125,-0.671600341796875,-0.6948089599609375
2026-09-26T11:36:15.804Z,0.2664794921875,-0.660736083984375,-0.693634033203125
2026-09-26T11:36:15.97Z,0.2664794921875,-0.660736083984375,-0.693634033203125
2026-09-26T11:36:16.819Z,0.0923309326171875,-0.6030426025390625,-0.7908935546875
2026-09-26T11:36:16.986Z,0.0923309326171875,-0.6030426025390625,-0.7908935546875
2026-09-26T11:36:17.835Z,0.044342041015625,-0.5312652587890625,-0.881744384765625
2026-09-26T11:36:18.001Z,0.044342041015625,-0.5312652587890625,-0.881744384765625
2026-09-26T11:36:18.851Z,0.401519775390625,-0.3241424560546875,-1.0459747314453125
2026-09-26T11:36:19.017Z,0.401519775390625,-0.3241424560546875,-1.0459747314453125
2026-09-26T11:36:19.865Z,0.2200927734375,-0.492401123046875,-0.9582061767578124
2026-09-26T11:36:20.031Z,0.2200927734375,-0.492401123046875,-0.9582061767578124
2026-09-26T11:36:20.88Z,0.3061981201171875,-0.472991943359375,-0.8538055419921875
2026-09-26T11:36:21.046Z,0.3061981201171875,-0.472991943359375,-0.8538055419921875
2026-09-26T11:36:21.895Z,0.114898681640625,-0.2095489501953125,-1.1518096923828125
2026-09-26T11:36:22.061Z,0.114898681640625,-0.2095489501953125,-1.1518096923828125
2026-09-26T11:36:22.91Z,0.190277099609375,-0.291839599609375,-0.9070892333984376
2026-09-26T11:36:23.076Z,0.190277099609375,-0.291839599609375,-0.9070892333984376
2026-09-26T11:36:23.926Z,0.117706298828125,-0.303192138671875,-0.9277191162109376
2026-09-26T11:36:24.092Z,0.117706298828125,-0.303192138671875,-0.9277191162109376
2026-09-26T11:36:24.94Z,0.1194915771484375,-0.33990478515625,-1.028778076171875
2026-09-26T11:36:25.106Z,0.1194915771484375,-0.33990478515625,-1.028778076171875
2026-09-26T11:36:25.955Z,0.13397216796875,-0.130584716796875,-1.1086578369140625
2026-09-26T11:36:26.122Z,0.13397216796875,-0.130584716796875,-1.1086578369140625
2026-09-26T11:36:26.97Z,-0.0569915771484375,-0.417236328125,-0.7351226806640625
2026-09-26T11:36:27.137Z,-0.0569915771484375,-0.417236328125,-0.7351226806640625
2026-09-26T11:36:27.986Z,-0.6888427734375,-0.27447509765625,-0.71783447265625
2026-09-26T11:36:28.153Z,-0.6888427734375,-0.27447509765625,-0.71783447265625
2026-09-26T11:36:29.002Z,-0.3623199462890625,-0.5843505859375,-0.321990966796875
2026-09-26T11:36:29.168Z,-0.3623199462890625,-0.5843505859375,-0.321990966796875
2026-09-26T11:36:30.017Z,-0.0727996826171875,-0.5618896484375,-0.653289794921875
2026-09-26T11:36:30.183Z,-0.0727996826171875,-0.5618896484375,-0.653289794921875
2026-09-26T11:36:31.031Z,-0.0193634033203125,-0.555633544921875,-0.7480926513671875
2026-09-26T11:36:31.198Z,-0.0193634033203125,-0.555633544921875,-0.7480926513671875
2026-09-26T11:36:32.046Z,0.0833740234375,-0.415985107421875,-0.9315338134765624
2026-09-26T11:36:32.213Z,0.0833740234375,-0.415985107421875,-0.9315338134765624
2026-09-26T11:36:33.062Z,0.13946533203125,-0.4488525390625,-0.885711669921875
2026-09-26T11:36:33.229Z,0.13946533203125,-0.4488525390625,-0.885711669921875
2026-09-26T11:36:34.078Z,0.5051422119140625,-0.240142822265625,-1.1539154052734375
2026-09-26T11:36:34.244Z,0.5051422119140625,-0.240142822265625,-1.1539154052734375
2026-09-26T11:36:35.092Z,0.56146240234375,-0.5093841552734375,-0.9132537841796876
2026-09-26T11:36:35.258Z,0.56146240234375,-0.5093841552734375,-0.9132537841796876
2026-09-26T11:36:36.107Z,-0.175811767578125,-0.5692138671875,-0.8329925537109375
2026-09-26T11:36:36.273Z,-0.175811767578125,-0.5692138671875,-0.8329925537109375
2026-09-26T11:36:37.122Z,-0.1446990966796875,-0.5891571044921875,-0.858367919921875
2026-09-26T11:36:37.288Z,-0.1446990966796875,-0.5891571044921875,-0.858367919921875
2026-09-26T11:36:38.137Z,0.006744384765625,-0.5855560302734375,-0.8167266845703125
2026-09-26T11:36:38.304Z,0.006744384765625,-0.5855560302734375,-0.8167266845703125
2026-09-26T11:36:39.153Z,-0.019317626953125,-0.464080810546875,-0.85980224609375
2026-09-26T11:36:39.319Z,-0.019317626953125,-0.464080810546875,-0.85980224609375
2026-09-26T11:36:40.167Z,0.024566650390625,-0.6007232666015625,-0.7027740478515625
2026-09-26T11:36:40.333Z,0.024566650390625,-0.6007232666015625,-0.7027740478515625
2026-09-26T11:36:41.182Z,0.0028228759765625,-0.5974884033203125,-0.7240142822265625
2026-09-26T11:36:41.348Z,0.0028228759765625,-0.5974884033203125,-0.7240142822265625
2026-09-26T11:36:42.2Z,0.0339202880859375,-0.53460693359375,-0.828125
2026-09-26T11:36:42.364Z,0.0339202880859375,-0.53460693359375,-0.828125
2026-09-26T11:36:43.213Z,0.024993896484375,-0.546539306640625,-0.85015869140625
2026-09-26T11:36:43.38Z,0.024993896484375,-0.546539306640625,-0.85015869140625
2026-09-26T11:36:44.229Z,0.004852294921875,-0.5413055419921875,-0.830963134765625
2026-09-26T11:36:44.395Z,0.004852294921875,-0.5413055419921875,-0.830963134765625
2026-09-26T11:36:45.243Z,-0.03009033203125,-0.4930877685546875,-0.9332427978515624
2026-09-26T11:36:45.41Z,-0.03009033203125,-0.4930877685546875,-0.9332427978515624
2026-09-26T11:36:46.258Z,0.1317138671875,-0.42938232421875,-0.922149658203125
2026-09-26T11:36:46.425Z,0.1317138671875,-0.42938232421875,-0.922149658203125
2026-09-26T11:36:47.274Z,0.0937957763671875,-0.457794189453125,-0.868438720703125
2026-09-26T11:36:47.44Z,0.0937957763671875,-0.457794189453125,-0.868438720703125
2026-09-26T11:36:48.29Z,-0.102874755859375,-0.3475189208984375,-0.9710845947265624
2026-09-26T11:36:48.456Z,-0.102874755859375,-0.3475189208984375,-0.9710845947265624
2026-09-26T11:36:49.305Z,-0.0131988525390625,-0.4371490478515625,-0.9421844482421876
2026-09-26T11:36:49.471Z,-0.0131988525390625,-0.4371490478515625,-0.9421844482421876
2026-09-26T11:36:50.319Z,0.8749237060546875,0.0234527587890625,-0.504425048828125
2026-09-26T11:36:50.486Z,0.8749237060546875,0.0234527587890625,-0.504425048828125
2026-09-26T11:36:51.334Z,1.1297149658203125,0.3035736083984375,-0.8173370361328125
2026-09-26T11:36:51.501Z,1.1297149658203125,0.3035736083984375,-0.8173370361328125
2026-09-26T11:36:52.349Z,0.9184722900390624,-0.1483001708984375,-0.7093048095703125
2026-09-26T11:36:52.516Z,0.9184722900390624,-0.1483001708984375,-0.7093048095703125
2026-09-26T11:36:53.364Z,0.5290374755859375,-0.614501953125,-0.4376220703125
2026-09-26T11:36:53.531Z,0.5290374755859375,-0.614501953125,-0.4376220703125
2026-09-26T11:36:54.38Z,0.6207275390625,-0.730499267578125,-0.338470458984375
2026-09-26T11:36:54.546Z,0.6207275390625,-0.730499267578125,-0.338470458984375
2026-09-26T11:36:55.395Z,0.3507232666015625,-0.7415618896484375,-0.4640655517578125
2026-09-26T11:36:55.561Z,0.3507232666015625,-0.7415618896484375,-0.4640655517578125
2026-09-26T11:36:56.41Z,1.14056396484375,-0.2698211669921875,-0.2047271728515625
2026-09-26T11:36:56.576Z,1.14056396484375,-0.2698211669921875,-0.2047271728515625
2026-09-26T11:36:57.425Z,1.01385498046875,-0.30633544921875,-0.6535491943359375
2026-09-26T11:36:57.591Z,1.01385498046875,-0.30633544921875,-0.6535491943359375
2026-09-26T11:36:58.441Z,-0.09130859375,-0.1694183349609375,-1.164703369140625
2026-09-26T11:36:58.607Z,-0.09130859375,-0.1694183349609375,-1.164703369140625
2026-09-26T11:36:59.456Z,-0.22174072265625,0.09222412109375,-0.9456329345703124
2026-09-26T11:36:59.622Z,-0.22174072265625,0.09222412109375,-0.9456329345703124
2026-09-26T11:37:00.47Z,-0.156494140625,-0.14141845703125,-0.967071533203125
2026-09-26T11:37:00.637Z,-0.156494140625,-0.14141845703125,-0.967071533203125
2026-09-26T11:37:01.485Z,0.834503173828125,-0.1167449951171875,-0.88323974609375
2026-09-26T11:37:01.652Z,-0.799560546875,-0.1804656982421875,-0.7109527587890625
2026-09-26T11:37:02.5Z,-0.799560546875,-0.1804656982421875,-0.7109527587890625
2026-09-26T11:37:02.666Z,0.5971527099609375,-0.321990966796875,-0.9330291748046876
2026-09-26T11:37:03.515Z,0.5971527099609375,-0.321990966796875,-0.9330291748046876
2026-09-26T11:37:03.681Z,0.3649749755859375,0.012725830078125,-1.0133514404296875
2026-09-26T11:37:04.53Z,0.3649749755859375,0.012725830078125,-1.0133514404296875
2026-09-26T11:37:04.696Z,-0.626861572265625,-0.6346282958984375,-0.4244842529296875
2026-09-26T11:37:05.545Z,-0.626861572265625,-0.6346282958984375,-0.4244842529296875
2026-09-26T11:37:05.711Z,0.671478271484375,-0.2033538818359375,-0.635498046875
2026-09-26T11:37:06.56Z,0.671478271484375,-0.2033538818359375,-0.635498046875
2026-09-26T11:37:06.726Z,-0.10693359375,-0.0032501220703125,-1.005096435546875
2026-09-26T11:37:07.575Z,-0.10693359375,-0.0032501220703125,-1.005096435546875
2026-09-26T11:37:07.741Z,0.5253143310546875,-0.205078125,-0.9148101806640624
2026-09-26T11:37:08.59Z,0.5253143310546875,-0.205078125,-0.9148101806640624
2026-09-26T11:37:08.756Z,0.19085693359375,0.28118896484375,-0.9983673095703124
2026-09-26T11:37:09.605Z,0.19085693359375,0.28118896484375,-0.9983673095703124
2026-09-26T11:37:09.771Z,0.3289947509765625,-0.3444061279296875,-0.67047119140625
2026-09-26T11:37:10.62Z,0.3289947509765625,-0.3444061279296875,-0.67047119140625
2026-09-26T11:37:10.786Z,0.2706756591796875,-0.0453338623046875,-0.9675750732421876
2026-09-26T11:37:11.635Z,0.2706756591796875,-0.0453338623046875,-0.9675750732421876
2026-09-26T11:37:11.801Z,0.1510162353515625,-0.213836669921875,-1.042510986328125
2026-09-26T11:37:12.65Z,0.1510162353515625,-0.213836669921875,-1.042510986328125
2026-09-26T11:37:12.816Z,0.05096435546875,-0.4325103759765625,-0.79486083984375
2026-09-26T11:37:13.665Z,0.05096435546875,-0.4325103759765625,-0.79486083984375
2026-09-26T11:37:13.831Z,-0.1323089599609375,-0.80841064453125,-0.32684326171875
2026-09-26T11:37:14.679Z,-0.1323089599609375,-0.80841064453125,-0.32684326171875
2026-09-26T11:37:14.846Z,0.3251800537109375,-0.683563232421875,-0.6484527587890625
2026-09-26T11:37:15.694Z,0.3251800537109375,-0.683563232421875,-0.6484527587890625
2026-09-26T11:37:15.861Z,0.0848388671875,-0.30950927734375,-0.9280242919921876
2026-09-26T11:37:16.709Z,0.0848388671875,-0.30950927734375,-0.9280242919921876
2026-09-26T11:37:16.876Z,0.1325225830078125,-0.3521881103515625,-0.9110107421875
2026-09-26T11:37:17.725Z,0.1325225830078125,-0.3521881103515625,-0.9110107421875
2026-09-26T11:37:17.891Z,0.004638671875,-0.6041107177734375,-0.5957183837890625
2026-09-26T11:37:18.74Z,0.103912353515625,-0.361328125,-0.879302978515625
2026-09-26T11:37:18.906Z,0.103912353515625,-0.361328125,-0.879302978515625
2026-09-26T11:37:19.755Z,0.1705322265625,-0.4616546630859375,-0.9005126953125
2026-09-26T11:37:19.921Z,0.1705322265625,-0.4616546630859375,-0.9005126953125
2026-09-26T11:37:20.77Z,0.336029052734375,-0.35980224609375,-0.927978515625
2026-09-26T11:37:20.936Z,0.336029052734375,-0.35980224609375,-0.927978515625
2026-09-26T11:37:21.785Z,0.2213287353515625,-0.357818603515625,-0.9369659423828124
2026-09-26T11:37:21.951Z,0.2213287353515625,-0.357818603515625,-0.9369659423828124
2026-09-26T11:37:22.8Z,0.26513671875,-0.4279632568359375,-0.851318359375
2026-09-26T11:37:22.967Z,0.26513671875,-0.4279632568359375,-0.851318359375
2026-09-26T11:37:23.816Z,0.165618896484375,-0.2884063720703125,-0.96307373046875
2026-09-26T11:37:23.982Z,0.165618896484375,-0.2884063720703125,-0.96307373046875
2026-09-26T11:37:24.83Z,0.2300262451171875,-0.4096832275390625,-0.83184814453125
2026-09-26T11:37:24.997Z,0.2300262451171875,-0.4096832275390625,-0.83184814453125
2026-09-26T11:37:25.845Z,0.1449737548828125,-0.40679931640625,-0.8647613525390625
2026-09-26T11:37:26.012Z,0.1449737548828125,-0.40679931640625,-0.8647613525390625
2026-09-26T11:37:26.86Z,0.0849151611328125,-0.321624755859375,-0.9281463623046876
2026-09-26T11:37:27.027Z,0.0849151611328125,-0.321624755859375,-0.9281463623046876
2026-09-26T11:37:27.876Z,0.854644775390625,-0.265625,-1.0449371337890625
2026-09-26T11:37:28.042Z,0.854644775390625,-0.265625,-1.0449371337890625
2026-09-26T11:37:28.891Z,0.040557861328125,-0.3392791748046875,-0.9682769775390624
2026-09-26T11:37:29.058Z,0.040557861328125,-0.3392791748046875,-0.9682769775390624
2026-09-26T11:37:29.906Z,0.2506866455078125,-0.4955291748046875,-0.9455718994140624
2026-09-26T11:37:30.072Z,0.2506866455078125,-0.4955291748046875,-0.9455718994140624
2026-09-26T11:37:30.921Z,0.166656494140625,-0.4309234619140625,-0.8162384033203125
2026-09-26T11:37:31.087Z,0.166656494140625,-0.4309234619140625,-0.8162384033203125
2026-09-26T11:37:31.936Z,0.1051483154296875,-0.45013427734375,-0.873443603515625
2026-09-26T11:37:32.102Z,0.1051483154296875,-0.45013427734375,-0.873443603515625
2026-09-26T11:37:32.951Z,0.0525054931640625,-0.3960418701171875,-0.86785888671875
2026-09-26T11:37:33.117Z,0.0525054931640625,-0.3960418701171875,-0.86785888671875
2026-09-26T11:37:33.967Z,0.24346923828125,-0.696746826171875,-0.263092041015625
2026-09-26T11:37:34.136Z,0.24346923828125,-0.696746826171875,-0.263092041015625
2026-09-26T11:37:34.981Z,0.0820159912109375,-0.744415283203125,-0.2517547607421875
2026-09-26T11:37:35.148Z,0.0820159912109375,-0.744415283203125,-0.2517547607421875
2026-09-26T11:37:35.996Z,0.2616729736328125,-0.8491363525390625,-0.1914520263671875
2026-09-26T11:37:36.162Z,0.2616729736328125,-0.8491363525390625,-0.1914520263671875
2026-09-26T11:37:37.011Z,0.53839111328125,-0.6482391357421875,-0.728515625
2026-09-26T11:37:37.177Z,0.53839111328125,-0.6482391357421875,-0.728515625
2026-09-26T11:37:38.026Z,0.6574554443359375,-0.18743896484375,-0.943206787109375
2026-09-26T11:37:38.193Z,0.6574554443359375,-0.18743896484375,-0.943206787109375
2026-09-26T11:37:39.042Z,0.2143096923828125,-0.458770751953125,-0.7787628173828125
2026-09-26T11:37:39.208Z,0.2143096923828125,-0.458770751953125,-0.7787628173828125
2026-09-26T11:37:40.056Z,0.609527587890625,-0.40643310546875,-0.9061126708984376
2026-09-26T11:37:40.223Z,0.609527587890625,-0.40643310546875,-0.9061126708984376
2026-09-26T11:37:41.071Z,0.4159393310546875,-0.6948394775390625,-0.6990814208984375
2026-09-26T11:37:41.238Z,0.4159393310546875,-0.6948394775390625,-0.6990814208984375
2026-09-26T11:37:42.086Z,0.1775970458984375,-0.9628143310546876,-0.186553955078125
2026-09-26T11:37:42.253Z,0.1775970458984375,-0.9628143310546876,-0.186553955078125
2026-09-26T11:37:43.102Z,-0.4276123046875,-0.6505279541015625,-0.453948974609375
2026-09-26T11:37:43.268Z,-0.4276123046875,-0.6505279541015625,-0.453948974609375
2026-09-26T11:37:44.117Z,0.5404815673828125,-0.626678466796875,-0.8653106689453125
2026-09-26T11:37:44.284Z,0.5404815673828125,-0.626678466796875,-0.8653106689453125
2026-09-26T11:37:45.132Z,-0.117095947265625,-0.762969970703125,-0.63494873046875
2026-09-26T11:37:45.299Z,-0.117095947265625,-0.762969970703125,-0.63494873046875
2026-09-26T11:37:46.147Z,-0.0926055908203125,-0.7101593017578125,-0.706451416015625
2026-09-26T11:37:46.314Z,-0.0926055908203125,-0.7101593017578125,-0.706451416015625
2026-09-26T11:37:47.163Z,0.753021240234375,-0.6378936767578125,-0.524810791015625
2026-09-26T11:37:47.329Z,0.753021240234375,-0.6378936767578125,-0.524810791015625
2026-09-26T11:37:48.178Z,0.66912841796875,-0.378204345703125,-0.761627197265625
2026-09-26T11:37:48.345Z,0.66912841796875,-0.378204345703125,-0.761627197265625
2026-09-26T11:37:49.194Z,0.164031982421875,-0.687652587890625,-0.8028717041015625
2026-09-26T11:37:49.36Z,0.164031982421875,-0.687652587890625,-0.8028717041015625
2026-09-26T11:37:50.208Z,0.427703857421875,-0.5847625732421875,-0.938385009765625
2026-09-26T11:37:50.374Z,0.427703857421875,-0.5847625732421875,-0.938385009765625
2026-09-26T11:37:51.223Z,0.2510833740234375,-0.63330078125,-0.699981689453125
2026-09-26T11:37:51.39Z,0.2510833740234375,-0.63330078125,-0.699981689453125
2026-09-26T11:37:52.238Z,0.4082794189453125,-0.6275177001953125,-0.7823486328125
2026-09-26T11:37:52.405Z,0.4082794189453125,-0.6275177001953125,-0.7823486328125
2026-09-26T11:37:53.253Z,0.3438873291015625,-0.759796142578125,-0.716461181640625
2026-09-26T11:37:53.42Z,0.3438873291015625,-0.759796142578125,-0.716461181640625
2026-09-26T11:37:54.269Z,0.0944366455078125,-0.7976837158203125,-0.3188018798828125
2026-09-26T11:37:54.435Z,0.0944366455078125,-0.7976837158203125,-0.3188018798828125
2026-09-26T11:37:55.284Z,-0.221923828125,-0.5389862060546875,-0.68475341796875
2026-09-26T11:37:55.45Z,-0.221923828125,-0.5389862060546875,-0.68475341796875
2026-09-26T11:37:56.299Z,-0.02294921875,-0.771942138671875,-0.633636474609375
2026-09-26T11:37:56.466Z,-0.02294921875,-0.771942138671875,-0.633636474609375
2026-09-26T11:37:57.314Z,0.155975341796875,-0.44451904296875,-0.6027984619140625
2026-09-26T11:37:57.481Z,0.155975341796875,-0.44451904296875,-0.6027984619140625
2026-09-26T11:37:58.329Z,-0.1697235107421875,-0.4890289306640625,-0.8365325927734375
2026-09-26T11:37:58.496Z,-0.1697235107421875,-0.4890289306640625,-0.8365325927734375
2026-09-26T11:37:59.344Z,0.3865509033203125,-0.14801025390625,-1.0799102783203125
2026-09-26T11:37:59.51Z,0.3865509033203125,-0.14801025390625,-1.0799102783203125
2026-09-26T11:38:00.359Z,-0.0803375244140625,-0.6686859130859375,-0.6963043212890625
2026-09-26T11:38:00.525Z,-0.0803375244140625,-0.6686859130859375,-0.6963043212890625
2026-09-26T11:38:01.374Z,-0.1141510009765625,-0.6108551025390625,-0.780487060546875
2026-09-26T11:38:01.54Z,-0.1141510009765625,-0.6108551025390625,-0.780487060546875
2026-09-26T11:38:02.389Z,-0.0906829833984375,-0.5880279541015625,-0.8037567138671875
2026-09-26T11:38:02.555Z,-0.0906829833984375,-0.5880279541015625,-0.8037567138671875
2026-09-26T11:38:03.404Z,-0.012847900390625,-0.5288543701171875,-0.704193115234375
2026-09-26T11:38:03.57Z,-0.012847900390625,-0.5288543701171875,-0.704193115234375
2026-09-26T11:38:04.42Z,-0.0126495361328125,-0.5563507080078125,-0.8336029052734375
2026-09-26T11:38:04.59Z,-0.0126495361328125,-0.5563507080078125,-0.8336029052734375
2026-09-26T11:38:05.434Z,-0.053009033203125,-0.491241455078125,-0.8525848388671875
2026-09-26T11:38:05.601Z,-0.053009033203125,-0.491241455078125,-0.8525848388671875
2026-09-26T11:38:06.449Z,0.1120147705078125,-0.51324462890625,-0.8167572021484375
2026-09-26T11:38:06.616Z,0.1120147705078125,-0.51324462890625,-0.8167572021484375
2026-09-26T11:38:07.464Z,-0.0307464599609375,-0.39544677734375,-1.02001953125
2026-09-26T11:38:07.63Z,-0.0307464599609375,-0.39544677734375,-1.02001953125
2026-09-26T11:38:08.48Z,0.7295074462890625,-0.185760498046875,-0.9982147216796876
2026-09-26T11:38:08.646Z,0.7295074462890625,-0.185760498046875,-0.9982147216796876
2026-09-26T11:38:09.495Z,0.302642822265625,-0.332763671875,-0.927276611328125
2026-09-26T11:38:09.661Z,0.302642822265625,-0.332763671875,-0.927276611328125
2026-09-26T11:38:10.509Z,0.0374603271484375,-0.4549407958984375,-0.908721923828125
2026-09-26T11:38:10.676Z,0.0374603271484375,-0.4549407958984375,-0.908721923828125
2026-09-26T11:38:11.524Z,0.4353485107421875,-0.2648162841796875,-0.9509735107421876
2026-09-26T11:38:11.69Z,0.4353485107421875,-0.2648162841796875,-0.9509735107421876
2026-09-26T11:38:12.539Z,0.516632080078125,-0.3340911865234375,-1.0359649658203125
2026-09-26T11:38:12.705Z,0.516632080078125,-0.3340911865234375,-1.0359649658203125
2026-09-26T11:38:13.555Z,0.64105224609375,-0.3640289306640625,-0.7530670166015625
2026-09-26T11:38:13.721Z,0.64105224609375,-0.3640289306640625,-0.7530670166015625
2026-09-26T11:38:14.569Z,0.446685791015625,-0.707550048828125,-0.670440673828125
2026-09-26T11:38:14.736Z,0.446685791015625,-0.707550048828125,-0.670440673828125
2026-09-26T11:38:15.585Z,0.2112274169921875,-0.8943939208984375,-0.2334442138671875
2026-09-26T11:38:15.751Z,0.2112274169921875,-0.8943939208984375,-0.2334442138671875
2026-09-26T11:38:16.6Z,-0.1310577392578125,-0.7595977783203125,-0.5870361328125
2026-09-26T11:38:16.766Z,-0.1310577392578125,-0.7595977783203125,-0.5870361328125
2026-09-26T11:38:17.615Z,0.0901336669921875,-0.90289306640625,-0.074310302734375
2026-09-26T11:38:17.784Z,0.0901336669921875,-0.90289306640625,-0.074310302734375
2026-09-26T11:38:18.63Z,-0.2934722900390625,-0.862823486328125,-0.15936279296875
2026-09-26T11:38:18.797Z,-0.2934722900390625,-0.862823486328125,-0.15936279296875
2026-09-26T11:38:19.645Z,-0.2644805908203125,-0.8334197998046875,-0.49371337890625
2026-09-26T11:38:19.811Z,-0.2644805908203125,-0.8334197998046875,-0.49371337890625
2026-09-26T11:38:20.66Z,0.1599884033203125,-0.8322906494140625,-0.4118499755859375
2026-09-26T11:38:20.827Z,0.1599884033203125,-0.8322906494140625,-0.4118499755859375
2026-09-26T11:38:21.675Z,0.46240234375,-0.6335601806640625,-0.79534912109375
2026-09-26T11:38:21.842Z,0.46240234375,-0.6335601806640625,-0.79534912109375
2026-09-26T11:38:22.69Z,0.213623046875,-0.4847869873046875,-0.8993072509765625
2026-09-26T11:38:22.857Z,0.213623046875,-0.4847869873046875,-0.8993072509765625
2026-09-26T11:38:23.706Z,0.041412353515625,-0.49432373046875,-0.7985687255859375
2026-09-26T11:38:23.872Z,0.041412353515625,-0.49432373046875,-0.7985687255859375
2026-09-26T11:38:24.72Z,0.6242523193359375,-0.2459869384765625,-1.0120391845703125
2026-09-26T11:38:24.886Z,0.6242523193359375,-0.2459869384765625,-1.0120391845703125
2026-09-26T11:38:25.735Z,0.8684844970703125,-0.22308349609375,-1.1063079833984375
2026-09-26T11:38:25.901Z,0.8684844970703125,-0.22308349609375,-1.1063079833984375
2026-09-26T11:38:26.75Z,0.1798095703125,-0.404571533203125,-0.935394287109375
2026-09-26T11:38:26.916Z,0.1798095703125,-0.404571533203125,-0.935394287109375
2026-09-26T11:38:27.764Z,-0.1580810546875,-0.4150543212890625,-0.76263427734375
2026-09-26T11:38:27.931Z,-0.1580810546875,-0.4150543212890625,-0.76263427734375
2026-09-26T11:38:28.779Z,0.13848876953125,-0.378753662109375,-1.115203857421875
2026-09-26T11:38:28.946Z,0.13848876953125,-0.378753662109375,-1.115203857421875
2026-09-26T11:38:29.795Z,-0.026092529296875,-0.4199676513671875,-0.919158935546875
2026-09-26T11:38:29.961Z,-0.026092529296875,-0.4199676513671875,-0.919158935546875
2026-09-26T11:38:30.81Z,-0.020416259765625,-0.6379241943359375,-0.8017578125
2026-09-26T11:38:30.976Z,-0.020416259765625,-0.6379241943359375,-0.8017578125
2026-09-26T11:38:31.825Z,-0.1103668212890625,-0.6452484130859375,-0.8375396728515625
2026-09-26T11:38:31.991Z,-0.1103668212890625,-0.6452484130859375,-0.8375396728515625
2026-09-26T11:38:32.84Z,-0.03271484375,-0.6632080078125,-0.789703369140625
2026-09-26T11:38:33.006Z,-0.03271484375,-0.6632080078125,-0.789703369140625
2026-09-26T11:38:33.855Z,-0.0535430908203125,-0.560455322265625,-0.7373809814453125
2026-09-26T11:38:34.022Z,0.3442840576171875,-0.7596282958984375,-0.1427459716796875
2026-09-26T11:38:34.869Z,0.3442840576171875,-0.7596282958984375,-0.1427459716796875
2026-09-26T11:38:35.036Z,-0.10247802734375,-0.6568145751953125,-0.4056549072265625
2026-09-26T11:38:35.884Z,-0.10247802734375,-0.6568145751953125,-0.4056549072265625
2026-09-26T11:38:36.051Z,-0.2554168701171875,-0.884552001953125,-0.383453369140625
2026-09-26T11:38:36.899Z,-0.2554168701171875,-0.884552001953125,-0.383453369140625
2026-09-26T11:38:37.066Z,-0.1509246826171875,-0.957977294921875,-0.2232513427734375
2026-09-26T11:38:37.914Z,-0.1509246826171875,-0.957977294921875,-0.2232513427734375
2026-09-26T11:38:38.081Z,0.50665283203125,-0.4988861083984375,-0.4212188720703125
2026-09-26T11:38:38.93Z,0.50665283203125,-0.4988861083984375,-0.4212188720703125
2026-09-26T11:38:39.097Z,1.067718505859375,-0.401123046875,-0.1715087890625
2026-09-26T11:38:39.945Z,1.067718505859375,-0.401123046875,-0.1715087890625
2026-09-26T11:38:40.111Z,0.2621917724609375,-0.31671142578125,-0.91986083984375
2026-09-26T11:38:40.96Z,0.2621917724609375,-0.31671142578125,-0.91986083984375
2026-09-26T11:38:41.126Z,-0.47845458984375,-0.5241546630859375,-0.65899658203125
2026-09-26T11:38:41.975Z,0.0122222900390625,-0.5364227294921875,-0.6399993896484375
2026-09-26T11:38:42.141Z,0.0122222900390625,-0.5364227294921875,-0.6399993896484375
2026-09-26T11:38:42.99Z,-0.26153564453125,-0.5785675048828125,-0.6714935302734375
2026-09-26T11:38:43.157Z,-0.26153564453125,-0.5785675048828125,-0.6714935302734375
2026-09-26T11:38:44.008Z,0.7230224609375,-0.1624908447265625,-1.206024169921875
2026-09-26T11:38:44.172Z,0.7230224609375,-0.1624908447265625,-1.206024169921875
2026-09-26T11:38:45.02Z,0.3313446044921875,-0.327880859375,-0.81634521484375
2026-09-26T11:38:45.186Z,0.3313446044921875,-0.327880859375,-0.81634521484375
2026-09-26T11:38:46.035Z,0.2558441162109375,-0.292327880859375,-1.0354461669921875
2026-09-26T11:38:46.202Z,0.2558441162109375,-0.292327880859375,-1.0354461669921875
2026-09-26T11:38:47.05Z,0.0129547119140625,-0.2971649169921875,-0.7771453857421875
2026-09-26T11:38:47.217Z,0.0129547119140625,-0.2971649169921875,-0.7771453857421875
2026-09-26T11:38:48.066Z,0.74603271484375,-0.76873779296875,-0.41876220703125
2026-09-26T11:38:48.233Z,0.74603271484375,-0.76873779296875,-0.41876220703125
2026-09-26T11:38:49.081Z,0.0472869873046875,-0.911651611328125,-0.119140625
2026-09-26T11:38:49.248Z,0.0472869873046875,-0.911651611328125,-0.119140625
2026-09-26T11:38:50.096Z,-0.1741943359375,-0.917266845703125,-0.074798583984375
2026-09-26T11:38:50.262Z,-0.1741943359375,-0.917266845703125,-0.074798583984375
2026-09-26T11:38:51.11Z,0.234710693359375,-0.99090576171875,-0.16998291015625
2026-09-26T11:38:51.277Z,0.234710693359375,-0.99090576171875,-0.16998291015625
2026-09-26T11:38:52.125Z,0.34808349609375,-0.8235931396484375,-0.3937835693359375
2026-09-26T11:38:52.292Z,0.34808349609375,-0.8235931396484375,-0.3937835693359375
2026-09-26T11:38:53.141Z,0.390228271484375,-0.754638671875,-0.4429779052734375
2026-09-26T11:38:53.308Z,0.390228271484375,-0.754638671875,-0.4429779052734375
2026-09-26T11:38:54.156Z,0.55950927734375,-0.840667724609375,-0.2843475341796875
2026-09-26T11:38:54.323Z,0.55950927734375,-0.840667724609375,-0.2843475341796875
2026-09-26T11:38:55.171Z,-0.1053924560546875,-0.4556427001953125,-0.7468414306640625
2026-09-26T11:38:55.337Z,-0.1053924560546875,-0.4556427001953125,-0.7468414306640625
2026-09-26T11:38:56.186Z,-0.102081298828125,-0.5884246826171875,-0.8610687255859375
2026-09-26T11:38:56.352Z,-0.102081298828125,-0.5884246826171875,-0.8610687255859375
2026-09-26T11:38:57.201Z,0.088104248046875,-0.562744140625,-0.866943359375
2026-09-26T11:38:57.367Z,0.088104248046875,-0.562744140625,-0.866943359375
2026-09-26T11:38:58.216Z,-0.0114288330078125,-0.4857330322265625,-0.8878936767578125
2026-09-26T11:38:58.383Z,-0.0114288330078125,-0.4857330322265625,-0.8878936767578125
2026-09-26T11:38:59.231Z,-0.1403961181640625,-0.56243896484375,-0.7922821044921875
2026-09-26T11:38:59.398Z,-0.1403961181640625,-0.56243896484375,-0.7922821044921875
2026-09-26T11:39:00.246Z,-0.1143341064453125,-0.6576995849609375,-0.728546142578125
2026-09-26T11:39:00.412Z,-0.1143341064453125,-0.6576995849609375,-0.728546142578125
2026-09-26T11:39:01.261Z,-0.1507415771484375,-0.6862640380859375,-0.70489501953125
2026-09-26T11:39:01.427Z,-0.1507415771484375,-0.6862640380859375,-0.70489501953125
2026-09-26T11:39:02.276Z,-0.1289520263671875,-0.595062255859375,-0.7445526123046875
2026-09-26T11:39:02.442Z,-0.1289520263671875,-0.595062255859375,-0.7445526123046875
2026-09-26T11:39:03.291Z,-0.232086181640625,-0.6130828857421875,-0.6766510009765625
2026-09-26T11:39:03.458Z,-0.232086181640625,-0.6130828857421875,-0.6766510009765625
2026-09-26T11:39:04.306Z,0.0767059326171875,-0.559661865234375,-0.6878814697265625
2026-09-26T11:39:04.473Z,0.0767059326171875,-0.559661865234375,-0.6878814697265625
2026-09-26T11:39:05.321Z,0.7359161376953125,0.145263671875,-1.29595947265625
2026-09-26T11:39:05.487Z,0.7359161376953125,0.145263671875,-1.29595947265625
2026-09-26T11:39:06.336Z,0.8946075439453125,-0.0939788818359375,-0.9093017578125
2026-09-26T11:39:06.502Z,0.8946075439453125,-0.0939788818359375,-0.9093017578125
2026-09-26T11:39:07.351Z,0.3953094482421875,0.0906524658203125,-1.428558349609375
2026-09-26T11:39:07.517Z,0.3953094482421875,0.0906524658203125,-1.428558349609375
2026-09-26T11:39:08.366Z,0.6560516357421875,-0.393707275390625,-0.8559112548828125
2026-09-26T11:39:08.536Z,0.6560516357421875,-0.393707275390625,-0.8559112548828125
2026-09-26T11:39:09.382Z,0.2605743408203125,-0.2973480224609375,-0.8785552978515625
2026-09-26T11:39:09.548Z,0.2605743408203125,-0.2973480224609375,-0.8785552978515625
2026-09-26T11:39:10.396Z,0.1749114990234375,-0.319610595703125,-0.95001220703125
2026-09-26T11:39:10.563Z,0.1749114990234375,-0.319610595703125,-0.95001220703125
2026-09-26T11:39:11.411Z,-0.1585235595703125,-0.7507781982421875,-0.279937744140625
2026-09-26T11:39:11.578Z,-0.1585235595703125,-0.7507781982421875,-0.279937744140625
2026-09-26T11:39:12.426Z,-0.281005859375,-0.1829681396484375,-1.0113677978515625
2026-09-26T11:39:12.593Z,-0.281005859375,-0.1829681396484375,-1.0113677978515625
2026-09-26T11:39:13.442Z,-0.2154388427734375,-0.390655517578125,-0.8541107177734375
2026-09-26T11:39:13.609Z,-0.2154388427734375,-0.390655517578125,-0.8541107177734375
2026-09-26T11:39:14.457Z,-0.1360626220703125,-0.360992431640625,-0.94720458984375
2026-09-26T11:39:14.623Z,-0.1360626220703125,-0.360992431640625,-0.94720458984375
2026-09-26T11:39:15.471Z,-0.057708740234375,-0.539459228515625,-0.8418426513671875
2026-09-26T11:39:15.637Z,-0.057708740234375,-0.539459228515625,-0.8418426513671875
2026-09-26T11:39:16.486Z,0.064605712890625,-0.297576904296875,-1.064361572265625
2026-09-26T11:39:16.652Z,0.064605712890625,-0.297576904296875,-1.064361572265625
2026-09-26T11:39:17.501Z,-0.007232666015625,-0.2177581787109375,-0.9889984130859376
2026-09-26T11:39:17.668Z,-0.007232666015625,-0.2177581787109375,-0.9889984130859376
2026-09-26T11:39:18.517Z,0.115234375,-0.1761016845703125,-1.0758209228515625
2026-09-26T11:39:18.683Z,0.115234375,-0.1761016845703125,-1.0758209228515625
2026-09-26T11:39:19.531Z,-0.299346923828125,-0.430267333984375,-0.349395751953125
2026-09-26T11:39:19.698Z,-0.299346923828125,-0.430267333984375,-0.349395751953125
2026-09-26T11:39:20.546Z,-0.138275146484375,-0.779541015625,-0.5862579345703125
2026-09-26T11:39:20.713Z,-0.138275146484375,-0.779541015625,-0.5862579345703125
2026-09-26T11:39:21.561Z,0.0896148681640625,-0.470916748046875,-0.9189453125
2026-09-26T11:39:21.728Z,0.0896148681640625,-0.470916748046875,-0.9189453125
2026-09-26T11:39:22.576Z,0.127044677734375,-0.3639678955078125,-0.9998016357421876
2026-09-26T11:39:22.743Z,0.127044677734375,-0.3639678955078125,-0.9998016357421876
2026-09-26T11:39:23.591Z,0.03265380859375,-0.34613037109375,-0.8074951171875
2026-09-26T11:39:23.758Z,0.03265380859375,-0.34613037109375,-0.8074951171875
2026-09-26T11:39:24.607Z,0.0500640869140625,-0.66680908203125,-0.6871795654296875
2026-09-26T11:39:24.773Z,0.2217559814453125,-0.71771240234375,-0.702484130859375
2026-09-26T11:39:25.622Z,0.2217559814453125,-0.71771240234375,-0.702484130859375
2026-09-26T11:39:25.788Z,-0.1700286865234375,-0.1134490966796875,-1.0385284423828125
2026-09-26T11:39:26.637Z,-0.1700286865234375,-0.1134490966796875,-1.0385284423828125
2026-09-26T11:39:26.803Z,-0.595977783203125,0.0082855224609375,-0.8433685302734375
2026-09-26T11:39:27.651Z,-0.595977783203125,0.0082855224609375,-0.8433685302734375
2026-09-26T11:39:27.818Z,-0.604522705078125,0.032012939453125,-0.7311553955078125
2026-09-26T11:39:28.666Z,-0.604522705078125,0.032012939453125,-0.7311553955078125
2026-09-26T11:39:28.833Z,-0.6166229248046875,-0.01995849609375,-0.7822113037109375
2026-09-26T11:39:29.681Z,-0.6166229248046875,-0.01995849609375,-0.7822113037109375
2026-09-26T11:39:29.848Z,-0.566650390625,-0.0220794677734375,-0.7561492919921875
2026-09-26T11:39:30.697Z,-0.566650390625,-0.0220794677734375,-0.7561492919921875
2026-09-26T11:39:30.863Z,-0.57098388671875,0.066925048828125,-0.8824462890625
2026-09-26T11:39:31.712Z,-0.57098388671875,0.066925048828125,-0.8824462890625
2026-09-26T11:39:31.878Z,-0.441619873046875,0.5736083984375,-0.9810638427734376
2026-09-26T11:39:32.727Z,-0.472503662109375,-0.1788787841796875,-0.685699462890625
2026-09-26T11:39:32.893Z,-0.472503662109375,-0.1788787841796875,-0.685699462890625
2026-09-26T11:39:33.742Z,-0.5427093505859375,-0.0347747802734375,-0.8060302734375
2026-09-26T11:39:33.908Z,-0.5427093505859375,-0.0347747802734375,-0.8060302734375
2026-09-26T11:39:34.757Z,-0.51300048828125,-0.0610504150390625,-0.8145599365234375
2026-09-26T11:39:34.923Z,-0.51300048828125,-0.0610504150390625,-0.8145599365234375
2026-09-26T11:39:35.774Z,-0.5297698974609375,-0.0868988037109375,-0.8311767578125
2026-09-26T11:39:35.939Z,-0.5297698974609375,-0.0868988037109375,-0.8311767578125
2026-09-26T11:39:36.787Z,-0.5025634765625,-0.105682373046875,-0.837982177734375
2026-09-26T11:39:36.954Z,-0.5025634765625,-0.105682373046875,-0.837982177734375
2026-09-26T11:39:37.802Z,-0.537689208984375,-0.082244873046875,-0.8430023193359375
2026-09-26T11:39:37.969Z,-0.537689208984375,-0.082244873046875,-0.8430023193359375
2026-09-26T11:39:38.818Z,-0.5356292724609375,-0.083099365234375,-0.8455810546875
2026-09-26T11:39:38.984Z,-0.5356292724609375,-0.083099365234375,-0.8455810546875
2026-09-26T11:39:39.833Z,-0.4996185302734375,-0.0008544921875,-0.854217529296875
2026-09-26T11:39:39.999Z,-0.4996185302734375,-0.0008544921875,-0.854217529296875
2026-09-26T11:39:40.848Z,-0.5246124267578125,-0.0103912353515625,-0.846954345703125
2026-09-26T11:39:41.014Z,-0.5246124267578125,-0.0103912353515625,-0.846954345703125
2026-09-26T11:39:41.863Z,-0.55218505859375,-0.0142974853515625,-0.857086181640625
2026-09-26T11:39:42.03Z,-0.55218505859375,-0.0142974853515625,-0.857086181640625
2026-09-26T11:39:42.878Z,-0.5363922119140625,-0.022125244140625,-0.8548431396484375
2026-09-26T11:39:43.045Z,-0.5363922119140625,-0.022125244140625,-0.8548431396484375
2026-09-26T11:39:43.893Z,-0.5493316650390625,-0.03216552734375,-0.8356781005859375
2026-09-26T11:39:44.06Z,-0.5493316650390625,-0.03216552734375,-0.8356781005859375
2026-09-26T11:39:44.909Z,-0.5529937744140625,-0.0394287109375,-0.82464599609375
2026-09-26T11:39:45.075Z,-0.5529937744140625,-0.0394287109375,-0.82464599609375
2026-09-26T11:39:45.924Z,-0.550537109375,-0.03271484375,-0.8097381591796875
2026-09-26T11:39:46.091Z,-0.550537109375,-0.03271484375,-0.8097381591796875
2026-09-26T11:39:46.939Z,-0.5621337890625,-0.0455474853515625,-0.8192138671875
2026-09-26T11:39:47.106Z,-0.5621337890625,-0.0455474853515625,-0.8192138671875
2026-09-26T11:39:47.954Z,-0.5726470947265625,-0.0470733642578125,-0.8204803466796875
2026-09-26T11:39:48.121Z,-0.5726470947265625,-0.0470733642578125,-0.8204803466796875
2026-09-26T11:39:48.969Z,-0.5650787353515625,-0.04730224609375,-0.8132781982421875
2026-09-26T11:39:49.136Z,-0.5650787353515625,-0.04730224609375,-0.8132781982421875
2026-09-26T11:39:49.985Z,-0.5686798095703125,-0.0409393310546875,-0.82623291015625
2026-09-26T11:39:50.151Z,-0.5686798095703125,-0.0409393310546875,-0.82623291015625
2026-09-26T11:39:51.166Z,-0.5623626708984375,-0.037567138671875,-0.824249267578125
2026-09-26T11:39:51Z,-0.5623626708984375,-0.037567138671875,-0.824249267578125
2026-09-26T11:39:52.015Z,-0.67034912109375,-0.03857421875,-0.5477752685546875
2026-09-26T11:39:52.182Z,-0.67034912109375,-0.03857421875,-0.5477752685546875
2026-09-26T11:39:53.03Z,-0.8736724853515625,-0.05975341796875,-0.4256591796875
2026-09-26T11:39:53.197Z,-0.8736724853515625,-0.05975341796875,-0.4256591796875
2026-09-26T11:39:54.045Z,-0.6029052734375,-0.3505401611328125,-0.93212890625
2026-09-26T11:39:54.212Z,-0.6029052734375,-0.3505401611328125,-0.93212890625
2026-09-26T11:39:55.06Z,-0.514984130859375,-0.2154998779296875,-0.864715576171875
2026-09-26T11:39:55.227Z,-0.514984130859375,-0.2154998779296875,-0.864715576171875
2026-09-26T11:39:56.075Z,-0.4051666259765625,-0.193328857421875,-0.9499969482421876
2026-09-26T11:39:56.242Z,-0.4051666259765625,-0.193328857421875,-0.9499969482421876
2026-09-26T11:39:57.091Z,-0.009735107421875,-0.6685638427734375,-0.713226318359375
2026-09-26T11:39:57.257Z,-0.009735107421875,-0.6685638427734375,-0.713226318359375
2026-09-26T11:39:58.106Z,-0.00091552734375,-0.6555633544921875,-0.704071044921875
2026-09-26T11:39:58.286Z,-0.00091552734375,-0.6555633544921875,-0.704071044921875
2026-09-26T11:39:59.12Z,-0.023773193359375,-0.6068115234375,-0.8079376220703125
2026-09-26T11:39:59.288Z,-0.023773193359375,-0.6068115234375,-0.8079376220703125
2026-09-26T11:40:00.136Z,0.0029754638671875,-0.6594390869140625,-0.7415771484375
2026-09-26T11:40:00.302Z,0.0029754638671875,-0.6594390869140625,-0.7415771484375
2026-09-26T11:40:01.151Z,-0.0111541748046875,-0.689849853515625,-0.728363037109375
2026-09-26T11:40:01.317Z,-0.0111541748046875,-0.689849853515625,-0.728363037109375
2026-09-26T11:40:02.166Z,-0.0437469482421875,-0.6815948486328125,-0.776214599609375
2026-09-26T11:40:02.333Z,-0.0437469482421875,-0.6815948486328125,-0.776214599609375
2026-09-26T11:40:03.182Z,-0.0071258544921875,-0.7043914794921875,-0.7408447265625
2026-09-26T11:40:03.348Z,-0.0071258544921875,-0.7043914794921875,-0.7408447265625
2026-09-26T11:40:04.182Z,-0.020355224609375,-0.6170501708984375,-0.6566314697265625
2026-09-26T11:40:04.348Z,-0.020355224609375,-0.6170501708984375,-0.6566314697265625
2026-09-26T11:40:05.183Z,-0.1219940185546875,-0.6846923828125,-0.742950439453125
2026-09-26T11:40:05.349Z,-0.1219940185546875,-0.6846923828125,-0.742950439453125
2026-09-26T11:40:06.194Z,-0.0870208740234375,-0.6489410400390625,-0.7487030029296875
2026-09-26T11:40:06.36Z,-0.0870208740234375,-0.6489410400390625,-0.7487030029296875
2026-09-26T11:40:07.208Z,-0.0576019287109375,-0.70867919921875,-0.7089080810546875
2026-09-26T11:40:07.376Z,-0.0576019287109375,-0.70867919921875,-0.7089080810546875
2026-09-26T11:40:08.224Z,-0.0370941162109375,-0.7014923095703125,-0.7234649658203125
2026-09-26T11:40:08.391Z,-0.0370941162109375,-0.7014923095703125,-0.7234649658203125
2026-09-26T11:40:09.239Z,-0.0627288818359375,-0.71343994140625,-0.6893157958984375
2026-09-26T11:40:09.406Z,-0.0627288818359375,-0.71343994140625,-0.6893157958984375
2026-09-26T11:40:10.254Z,-0.047698974609375,-0.7177581787109375,-0.6944580078125
2026-09-26T11:40:10.421Z,-0.047698974609375,-0.7177581787109375,-0.6944580078125
2026-09-26T11:40:11.27Z,-0.0400848388671875,-0.7201080322265625,-0.683990478515625
2026-09-26T11:40:11.436Z,-0.0400848388671875,-0.7201080322265625,-0.683990478515625
2026-09-26T11:40:12.285Z,-0.05126953125,-0.7220001220703125,-0.6958465576171875
2026-09-26T11:40:12.451Z,-0.05126953125,-0.7220001220703125,-0.6958465576171875
2026-09-26T11:40:13.3Z,-0.0487518310546875,-0.7234954833984375,-0.6886749267578125
2026-09-26T11:40:13.466Z,-0.0487518310546875,-0.7234954833984375,-0.6886749267578125
2026-09-26T11:40:14.315Z,-0.0452880859375,-0.7205810546875,-0.6881103515625
2026-09-26T11:40:14.481Z,-0.0452880859375,-0.7205810546875,-0.6881103515625
2026-09-26T11:40:15.33Z,-0.0449676513671875,-0.7283477783203125,-0.6874237060546875
2026-09-26T11:40:15.496Z,-0.0449676513671875,-0.7283477783203125,-0.6874237060546875
2026-09-26T11:40:16.345Z,-0.061187744140625,-0.724639892578125,-0.67340087890625
2026-09-26T11:40:16.512Z,-0.061187744140625,-0.724639892578125,-0.67340087890625
2026-09-26T11:40:17.36Z,-0.050140380859375,-0.7322235107421875,-0.6816558837890625
2026-09-26T11:40:17.527Z,-0.0438232421875,-0.7318267822265625,-0.680938720703125
2026-09-26T11:40:18.375Z,-0.0438232421875,-0.7318267822265625,-0.680938720703125
2026-09-26T11:40:18.545Z,-0.0450286865234375,-0.788970947265625,-0.5211181640625
2026-09-26T11:40:19.391Z,-0.0450286865234375,-0.788970947265625,-0.5211181640625
2026-09-26T11:40:19.557Z,0.038116455078125,-0.7394256591796875,-0.6666259765625
2026-09-26T11:40:20.406Z,0.038116455078125,-0.7394256591796875,-0.6666259765625
2026-09-26T11:40:20.573Z,0.03179931640625,-0.7353973388671875,-0.6807098388671875
2026-09-26T11:40:21.421Z,0.03179931640625,-0.7353973388671875,-0.6807098388671875
2026-09-26T11:40:21.591Z,0.02581787109375,-1.0294189453125,-0.2520751953125
2026-09-26T11:40:22.437Z,0.02581787109375,-1.0294189453125,-0.2520751953125
2026-09-26T11:40:22.603Z,-0.0802154541015625,-0.9823760986328124,-0.5026092529296875
2026-09-26T11:40:23.452Z,-0.0802154541015625,-0.9823760986328124,-0.5026092529296875
2026-09-26T11:40:23.618Z,0.0802001953125,-0.78314208984375,-0.62286376953125
2026-09-26T11:40:24.467Z,0.0802001953125,-0.78314208984375,-0.62286376953125
2026-09-26T11:40:24.634Z,0.038177490234375,-0.804473876953125,-0.59271240234375
2026-09-26T11:40:25.482Z,0.038238525390625,-0.806060791015625,-0.5909576416015625
2026-09-26T11:40:25.649Z,0.038238525390625,-0.806060791015625,-0.5909576416015625
2026-09-26T11:40:26.497Z,0.0386962890625,-0.80535888671875,-0.5912017822265625
2026-09-26T11:40:26.664Z,0.0386962890625,-0.80535888671875,-0.5912017822265625
2026-09-26T11:40:27.513Z,0.03741455078125,-0.805511474609375,-0.5925140380859375
2026-09-26T11:40:27.679Z,0.03741455078125,-0.805511474609375,-0.5925140380859375
2026-09-26T11:40:28.528Z,0.0378265380859375,-0.804718017578125,-0.590911865234375
2026-09-26T11:40:28.694Z,0.0378265380859375,-0.804718017578125,-0.590911865234375
2026-09-26T11:40:29.543Z,0.0373687744140625,-0.8058929443359375,-0.59100341796875
2026-09-26T11:40:29.709Z,0.0373687744140625,-0.8058929443359375,-0.59100341796875
2026-09-26T11:40:30.558Z,0.0378570556640625,-0.8045806884765625,-0.5920257568359375
2026-09-26T11:40:30.724Z,0.0378570556640625,-0.8045806884765625,-0.5920257568359375
2026-09-26T11:40:31.573Z,0.0373077392578125,-0.80426025390625,-0.59149169921875
2026-09-26T11:40:31.74Z,0.0373077392578125,-0.80426025390625,-0.59149169921875
2026-09-26T11:40:32.588Z,0.0359954833984375,-0.8048553466796875,-0.592803955078125
2026-09-26T11:40:32.755Z,0.0359954833984375,-0.8048553466796875,-0.592803955078125
2026-09-26T11:40:33.604Z,0.03729248046875,-0.804656982421875,-0.5919189453125
2026-09-26T11:40:33.77Z,0.03729248046875,-0.804656982421875,-0.5919189453125
2026-09-26T11:40:34.619Z,0.0364990234375,-0.8049774169921875,-0.590057373046875
2026-09-26T11:40:34.785Z,0.0364990234375,-0.8049774169921875,-0.590057373046875
2026-09-26T11:40:35.633Z,0.036956787109375,-0.8038330078125,-0.5914459228515625
2026-09-26T11:40:35.8Z,0.036956787109375,-0.8038330078125,-0.5914459228515625
2026-09-26T11:40:36.65Z,0.0378265380859375,-0.8036956787109375,-0.59381103515625
2026-09-26T11:40:36.815Z,0.0378265380859375,-0.8036956787109375,-0.59381103515625
2026-09-26T11:40:37.663Z,0.0366668701171875,-0.8043212890625,-0.5933380126953125
2026-09-26T11:40:37.83Z,0.0366668701171875,-0.8043212890625,-0.5933380126953125
2026-09-26T11:40:38.679Z,0.0356292724609375,-0.8046875,-0.5913238525390625
2026-09-26T11:40:38.845Z,0.0356292724609375,-0.8046875,-0.5913238525390625
2026-09-26T11:40:39.694Z,0.03802490234375,-0.8065185546875,-0.592010498046875
2026-09-26T11:40:39.86Z,0.03802490234375,-0.8065185546875,-0.592010498046875
2026-09-26T11:40:40.709Z,0.037139892578125,-0.80523681640625,-0.590606689453125
2026-09-26T11:40:40.875Z,0.037139892578125,-0.80523681640625,-0.590606689453125
2026-09-26T11:40:41.724Z,0.0358428955078125,-0.804595947265625,-0.5915069580078125
2026-09-26T11:40:41.89Z,0.0358428955078125,-0.804595947265625,-0.5915069580078125
2026-09-26T11:40:42.739Z,0.036834716796875,-0.8040771484375,-0.591888427734375
2026-09-26T11:40:42.905Z,0.036834716796875,-0.8040771484375,-0.591888427734375
2026-09-26T11:40:43.754Z,0.03662109375,-0.806365966796875,-0.590911865234375
2026-09-26T11:40:43.92Z,0.03662109375,-0.806365966796875,-0.590911865234375
2026-09-26T11:40:44.769Z,0.0374908447265625,-0.805511474609375,-0.591094970703125
2026-09-26T11:40:44.935Z,0.0374908447265625,-0.805511474609375,-0.591094970703125
2026-09-26T11:40:45.784Z,0.0354461669921875,-0.8046417236328125,-0.59136962890625
2026-09-26T11:40:45.95Z,0.0354461669921875,-0.8046417236328125,-0.59136962890625
2026-09-26T11:40:46.799Z,0.037139892578125,-0.805938720703125,-0.59136962890625
2026-09-26T11:40:46.965Z,0.037139892578125,-0.805938720703125,-0.59136962890625
2026-09-26T11:40:47.814Z,0.0367584228515625,-0.8054962158203125,-0.5903778076171875
2026-09-26T11:40:47.98Z,0.0367584228515625,-0.8054962158203125,-0.5903778076171875
2026-09-26T11:40:48.829Z,0.035858154296875,-0.805145263671875,-0.590240478515625
2026-09-26T11:40:48.996Z,0.035858154296875,-0.805145263671875,-0.590240478515625
2026-09-26T11:40:49.844Z,0.032318115234375,-0.820343017578125,-0.593109130859375
2026-09-26T11:40:50.011Z,0.032318115234375,-0.820343017578125,-0.593109130859375
2026-09-26T11:40:50.859Z,0.0342254638671875,-0.8096466064453125,-0.5905609130859375
2026-09-26T11:40:51.026Z,0.0342254638671875,-0.8096466064453125,-0.5905609130859375
2026-09-26T11:40:51.874Z,0.037567138671875,-0.808807373046875,-0.5894775390625
2026-09-26T11:40:52.041Z,0.037567138671875,-0.808807373046875,-0.5894775390625
2026-09-26T11:40:52.889Z,0.0344696044921875,-0.804046630859375,-0.59222412109375
2026-09-26T11:40:53.056Z,0.0344696044921875,-0.804046630859375,-0.59222412109375
2026-09-26T11:40:53.904Z,0.036712646484375,-0.801239013671875,-0.59100341796875
2026-09-26T11:40:54.071Z,0.036712646484375,-0.801239013671875,-0.59100341796875
2026-09-26T11:40:54.921Z,0.0372161865234375,-0.80523681640625,-0.5890350341796875
2026-09-26T11:40:55.086Z,0.0372161865234375,-0.80523681640625,-0.5890350341796875
2026-09-26T11:40:55.934Z,0.0356903076171875,-0.8109130859375,-0.58758544921875
2026-09-26T11:40:56.101Z,0.0356903076171875,-0.8109130859375,-0.58758544921875
2026-09-26T11:40:56.949Z,0.03607177734375,-0.807708740234375,-0.59375
2026-09-26T11:40:57.116Z,0.03607177734375,-0.807708740234375,-0.59375
2026-09-26T11:40:57.964Z,0.0372467041015625,-0.8044891357421875,-0.5912628173828125
2026-09-26T11:40:58.131Z,0.0372467041015625,-0.8044891357421875,-0.5912628173828125
2026-09-26T11:40:58.98Z,0.0345001220703125,-0.807281494140625,-0.5906982421875
2026-09-26T11:40:59.146Z,0.0345001220703125,-0.807281494140625,-0.5906982421875
2026-09-26T11:40:59.995Z,0.0265960693359375,-0.8032379150390625,-0.594329833984375
2026-09-26T11:41:00.161Z,0.0265960693359375,-0.8032379150390625,-0.594329833984375
2026-09-26T11:41:01.01Z,0.0361175537109375,-0.8059844970703125,-0.5907745361328125
2026-09-26T11:41:01.177Z,0.0361175537109375,-0.8059844970703125,-0.5907745361328125
2026-09-26T11:41:02.025Z,0.0372772216796875,-0.8044281005859375,-0.591461181640625
2026-09-26T11:41:02.192Z,0.0372772216796875,-0.8044281005859375,-0.591461181640625
2026-09-26T11:41:03.04Z,0.036590576171875,-0.8044586181640625,-0.5890045166015625
2026-09-26T11:41:03.207Z,0.036590576171875,-0.8044586181640625,-0.5890045166015625
2026-09-26T11:41:04.055Z,0.0364837646484375,-0.8053436279296875,-0.5886688232421875
2026-09-26T11:41:04.222Z,0.0364837646484375,-0.8053436279296875,-0.5886688232421875
2026-09-26T11:41:05.07Z,0.035552978515625,-0.809356689453125,-0.591644287109375
2026-09-26T11:41:05.236Z,0.035552978515625,-0.809356689453125,-0.591644287109375
2026-09-26T11:41:06.085Z,0.0363006591796875,-0.8066558837890625,-0.591949462890625
2026-09-26T11:41:06.252Z,0.0363006591796875,-0.8066558837890625,-0.591949462890625
2026-09-26T11:41:07.1Z,0.0365142822265625,-0.8028106689453125,-0.593048095703125
2026-09-26T11:41:07.267Z,0.0366973876953125,-0.79998779296875,-0.5909423828125
2026-09-26T11:41:08.115Z,0.0366973876953125,-0.79998779296875,-0.5909423828125
2026-09-26T11:41:08.282Z,0.0362396240234375,-0.8049468994140625,-0.5906829833984375
2026-09-26T11:41:09.13Z,0.0362396240234375,-0.8049468994140625,-0.5906829833984375
2026-09-26T11:41:09.297Z,0.0359344482421875,-0.8048095703125,-0.5910186767578125
2026-09-26T11:41:10.145Z,0.0359344482421875,-0.8048095703125,-0.5910186767578125
2026-09-26T11:41:10.312Z,0.0316162109375,-0.80499267578125,-0.59210205078125
2026-09-26T11:41:11.16Z,0.0316162109375,-0.80499267578125,-0.59210205078125
2026-09-26T11:41:11.326Z,0.035125732421875,-0.80517578125,-0.5916290283203125
2026-09-26T11:41:12.175Z,0.035125732421875,-0.80517578125,-0.5916290283203125
2026-09-26T11:41:12.341Z,0.0363922119140625,-0.8061065673828125,-0.591033935546875
2026-09-26T11:41:13.19Z,0.0363922119140625,,-0.591033935546875
2026-09-26T11:41:13.356Z,,,-0.5897369384765625
2026-09-26T11:41:14.205Z,,,-0.5897369384765625
2026-09-26T11:41:14.371Z,,,-0.5903778076171875
